price,score,name,link
14.25,90,Château Thieuley Francis Courselle Blanc 2010,https://www.lcbo.com/webapp/wcs/stores/servlet/en/lcbo/wine-14/ch%C3%A2teau-thieuley-francis-courselle-blanc-2010-2170
16.95,90,Borgo Scopeto Chianti Classico 2015,https://www.lcbo.com/webapp/wcs/stores/servlet/en/lcbo/wine-14/borgo-scopeto-chianti-classico-2015-23325
24.95,91,Clarence Dillon Clarendelle Red 2015,https://www.lcbo.com/webapp/wcs/stores/servlet/en/lcbo/wine-14/clarence-dillon-clarendelle-red-2015-28837
25.95,92,Clarence Dillon Clarendelle Blanc 2018,https://www.lcbo.com/webapp/wcs/stores/servlet/en/lcbo/wine-14/clarence-dillon-clarendelle-blanc-2018-28845
21.95,92,Santa Carolina Reserva de Familia Carmenère 2016,https://www.lcbo.com/webapp/wcs/stores/servlet/en/lcbo/wine-14/santa-carolina-reserva-de-familia-carmen%C3%A8re-2016-34942
133.00,93,Ruinart Brut Blanc de Blancs Champagne,https://www.lcbo.com/webapp/wcs/stores/servlet/en/lcbo/wine-14/ruinart-brut-blanc-de-blancs-champagne-62984
39.95,91,La Crema Russian River Valley Chardonnay 2017,https://www.lcbo.com/webapp/wcs/stores/servlet/en/lcbo/wine-14/la-crema-russian-river-valley-chardonnay-2017-67231
73.00,95,Billecart-Salmon Brut Réserve Champagne,https://www.lcbo.com/webapp/wcs/stores/servlet/en/lcbo/wine-14/billecart-salmon-brut-r%C3%A9serve-champagne-81976
70.00,93,Domaine Chanson Beaune Teurons 1er Cru 2013,https://www.lcbo.com/webapp/wcs/stores/servlet/en/lcbo/wine-14/domaine-chanson-beaune-teurons-1er-cru-2013-84426
43.00,94,Pieropan La Rocca Soave Classico 2017,https://www.lcbo.com/webapp/wcs/stores/servlet/en/lcbo/wine-14/pieropan-la-rocca-soave-classico-2017-92437
63.00,95,Feudo Montoni Vrucara Nero d'Avola 2015,https://www.lcbo.com/webapp/wcs/stores/servlet/en/lcbo/wine-14/feudo-montoni-vrucara-nero-davola-2015-111286
16.95,93,Firriato Chiaramonte Nero D'Avola 2015,https://www.lcbo.com/webapp/wcs/stores/servlet/en/lcbo/wine-14/firriato-chiaramonte-nero-davola-2015-121145
34.95,93,Tawse Laundry Vineyard Cabernet Franc 2016,https://www.lcbo.com/webapp/wcs/stores/servlet/en/lcbo/wine-14/tawse-laundry-vineyard-cabernet-franc-2016-130997
20.25,95,Matetic Corralillo Syrah 2015,https://www.lcbo.com/webapp/wcs/stores/servlet/en/lcbo/wine-14/matetic-corralillo-syrah-2015-146407
39.95,90,Reif Estate Meritage 2015,https://www.lcbo.com/webapp/wcs/stores/servlet/en/lcbo/wine-14/reif-estate-meritage-2015-149005
41.25,90,Inniskillin Cabernet Franc Icewine 2014,https://www.lcbo.com/webapp/wcs/stores/servlet/en/lcbo/wine-14/inniskillin-cabernet-franc-icewine-2014-149963
16.95,92,Zuccardi Serie A Malbec 2018,https://www.lcbo.com/webapp/wcs/stores/servlet/en/lcbo/wine-14/zuccardi-serie-a-malbec-2018-167619
22.95,95,Concha y Toro Marques de Casa Concha Carmenère 2017,https://www.lcbo.com/webapp/wcs/stores/servlet/en/lcbo/wine-14/concha-y-toro-marques-de-casa-concha-carmen%C3%A8re-2017-169862
29.95,93,Banfi Brunello di Montalcino 2015,https://www.lcbo.com/webapp/wcs/stores/servlet/en/lcbo/wine-14/banfi-brunello-di-montalcino-2015-175091
21.95,93,Cafaggio Chianti Classico 2015,https://www.lcbo.com/webapp/wcs/stores/servlet/en/lcbo/wine-14/cafaggio-chianti-classico-2015-176776
170.00,96,Anakota Helena Montana Vineyard Cabernet Sauvignon 2015,https://www.lcbo.com/webapp/wcs/stores/servlet/en/lcbo/wine-14/anakota-helena-montana-vineyard-cabernet-sauvignon-2015-181131
15.95,89,Casas del Bosque Reserva Carmenère 2018,https://www.lcbo.com/webapp/wcs/stores/servlet/en/lcbo/wine-14/casas-del-bosque-reserva-carmen%C3%A8re-2018-205872
64.95,93,Flowers Pinot Noir 2018,https://www.lcbo.com/webapp/wcs/stores/servlet/en/lcbo/wine-14/flowers-pinot-noir-2018-215202
73.00,95,Domaine Albert Morot Les Cent Vignes Beaune 1er Cru 2017,https://www.lcbo.com/webapp/wcs/stores/servlet/en/lcbo/wine-14/domaine-albert-morot-les-cent-vignes-beaune-1er-cru-2017-226340
59.95,92,Faust Cabernet Sauvignon 2017,https://www.lcbo.com/webapp/wcs/stores/servlet/en/lcbo/wine-14/faust-cabernet-sauvignon-2017-238261
94.95,90,J. Lohr Carol's Vineyard Cabernet Sauvignon 2016,https://www.lcbo.com/webapp/wcs/stores/servlet/en/lcbo/wine-14/j-lohr-carols-vineyard-cabernet-sauvignon-2016-246918
86.00,94,Brigaldara Case Vecie Amarone della Valpolicella 2012,https://www.lcbo.com/webapp/wcs/stores/servlet/en/lcbo/wine-14/brigaldara-case-vecie-amarone-della-valpolicella-2012-247502
44.95,92,Black Stallion Cabernet Sauvignon 2016,https://www.lcbo.com/webapp/wcs/stores/servlet/en/lcbo/wine-14/black-stallion-cabernet-sauvignon-2016-256768
34.00,92,Halos de Jupiter Vacqueyras 2016,https://www.lcbo.com/webapp/wcs/stores/servlet/en/lcbo/wine-14/halos-de-jupiter-vacqueyras-2016-274324
46.00,92,Rex Hill Pinot Noir 2017,https://www.lcbo.com/webapp/wcs/stores/servlet/en/lcbo/wine-14/rex-hill-pinot-noir-2017-275735
34.95,91,Heredad de Baroja Gran Reserva 2002,https://www.lcbo.com/webapp/wcs/stores/servlet/en/lcbo/wine-14/heredad-de-baroja-gran-reserva-2002-276113
18.95,89,Lantides Neméa Agiorgitiko 2016,https://www.lcbo.com/webapp/wcs/stores/servlet/en/lcbo/wine-14/lantides-nem%C3%A9a-agiorgitiko-2016-286708
34.25,93,Roederer Estate Brut Sparkling,https://www.lcbo.com/webapp/wcs/stores/servlet/en/lcbo/wine-14/roederer-estate-brut-sparkling-294181
66.00,93,Maison Roche de Bellene Vieilles Vignes Volnay 2014,https://www.lcbo.com/webapp/wcs/stores/servlet/en/lcbo/wine-14/maison-roche-de-bellene-vieilles-vignes-volnay-2014-299875
159.00,94,Château La Nerthe Clos de Beauvenir Châteauneuf-du-Pape Blanc 2016,https://www.lcbo.com/webapp/wcs/stores/servlet/en/lcbo/wine-14/ch%C3%A2teau-la-nerthe-clos-de-beauvenir-ch%C3%A2teauneuf-du-pape-blanc-2016-302802
23.95,92,Tarima Hill Monastrell 2015,https://www.lcbo.com/webapp/wcs/stores/servlet/en/lcbo/wine-14/tarima-hill-monastrell-2015-310169
73.00,94,Manzone Gramolere Barolo 2013,https://www.lcbo.com/webapp/wcs/stores/servlet/en/lcbo/wine-14/manzone-gramolere-barolo-2013-318105
78.00,93,Billaud-Simon Montée de Tonnerre Chablis 1er Cru 2017,https://www.lcbo.com/webapp/wcs/stores/servlet/en/lcbo/wine-14/billaud-simon-mont%C3%A9e-de-tonnerre-chablis-1er-cru-2017-325241
11.75,91,La Guita,https://www.lcbo.com/webapp/wcs/stores/servlet/en/lcbo/wine-14/la-guita-337022
21.75,94,Lustau East India Solera Sherry,https://www.lcbo.com/webapp/wcs/stores/servlet/en/lcbo/wine-14/lustau-east-india-solera-sherry-342931
23.95,94,Nino Franco Brut Valdobbiadene Prosecco Superiore,https://www.lcbo.com/webapp/wcs/stores/servlet/en/lcbo/wine-14/nino-franco-brut-valdobbiadene-prosecco-superiore-349662
34.95,92,Sue-Ann Staff The Chestnut Tree Cabernet Franc 2015,https://www.lcbo.com/webapp/wcs/stores/servlet/en/lcbo/wine-14/sue-ann-staff-the-chestnut-tree-cabernet-franc-2015-352393
20.95,95,Dandelion Vineyards Lioness of McLaren Vale Shiraz 2017,https://www.lcbo.com/webapp/wcs/stores/servlet/en/lcbo/wine-14/dandelion-vineyards-lioness-of-mclaren-vale-shiraz-2017-357475
15.95,93,Colomé Torrontés 2019,https://www.lcbo.com/webapp/wcs/stores/servlet/en/lcbo/wine-14/colom%C3%A9-torront%C3%A9s-2019-357913
17.95,90,Hugel Gentil 2017,https://www.lcbo.com/webapp/wcs/stores/servlet/en/lcbo/wine-14/hugel-gentil-2017-367284
16.75,90,Morandé Gran Reserva Carmenère 2017,https://www.lcbo.com/webapp/wcs/stores/servlet/en/lcbo/wine-14/morand%C3%A9-gran-reserva-carmen%C3%A8re-2017-371112
89.00,95,L'Ecole No. 41 Perigee 2014,https://www.lcbo.com/webapp/wcs/stores/servlet/en/lcbo/wine-14/lecole-no-41-perigee-2014-374413
80.00,95,Bien Nacido Vineyards Chardonnay 2018,https://www.lcbo.com/webapp/wcs/stores/servlet/en/lcbo/wine-14/bien-nacido-vineyards-chardonnay-2018-376764
92.00,95,Pintia 2015,https://www.lcbo.com/webapp/wcs/stores/servlet/en/lcbo/wine-14/pintia-2015-376806
22.95,92,Torres Cordillera de los Andes Reserva Especial Carmenère 2016,https://www.lcbo.com/webapp/wcs/stores/servlet/en/lcbo/wine-14/torres-cordillera-de-los-andes-reserva-especial-carmen%C3%A8re-2016-389692
146.00,96,William Fèvre Bougros Côte Bouguerots Chablis Grand Cru 2017,https://www.lcbo.com/webapp/wcs/stores/servlet/en/lcbo/wine-14/william-f%C3%A8vre-bougros-c%C3%B4te-bouguerots-chablis-grand-cru-2017-391268
29.95,95,Coppola Director's Chardonnay 2017,https://www.lcbo.com/webapp/wcs/stores/servlet/en/lcbo/wine-14/coppola-directors-chardonnay-2017-396291
100.00,95,Louis M. Martini Monte Rosso Vineyard Cabernet Sauvignon 2012,https://www.lcbo.com/webapp/wcs/stores/servlet/en/lcbo/wine-14/louis-m-martini-monte-rosso-vineyard-cabernet-sauvignon-2012-407114
96.00,97,Betz Family Winery Père de Famille Cabernet Sauvignon 2016,https://www.lcbo.com/webapp/wcs/stores/servlet/en/lcbo/wine-14/betz-family-winery-p%C3%A8re-de-famille-cabernet-sauvignon-2016-407312
21.95,91,Meiomi Chardonnay 2017,https://www.lcbo.com/webapp/wcs/stores/servlet/en/lcbo/wine-14/meiomi-chardonnay-2017-410712
19.95,90,Basilica Cafaggio Single Estate Chianti Classico 2015,https://www.lcbo.com/webapp/wcs/stores/servlet/en/lcbo/wine-14/basilica-cafaggio-single-estate-chianti-classico-2015-421107
17.95,92,Quinta da Rede Reserva 2015,https://www.lcbo.com/webapp/wcs/stores/servlet/en/lcbo/wine-14/quinta-da-rede-reserva-2015-431742
14.95,90,Williams & Humbert Walnut Brown Medium Sweet Sherry,https://www.lcbo.com/webapp/wcs/stores/servlet/en/lcbo/wine-14/williams-humbert-walnut-brown-medium-sweet-sherry-437467
22.95,94,Balbás Crianza 2013,https://www.lcbo.com/webapp/wcs/stores/servlet/en/lcbo/wine-14/balb%C3%A1s-crianza-2013-437673
46.00,95,Domaine Ernest Burn Clos Saint Imer La Chapelle Goldert Pinot Gris 2010,https://www.lcbo.com/webapp/wcs/stores/servlet/en/lcbo/wine-14/domaine-ernest-burn-clos-saint-imer-la-chapelle-goldert-pinot-gris-2010-441857
19.95,89,Fontanafredda Eremo Langhe Rosso 2016,https://www.lcbo.com/webapp/wcs/stores/servlet/en/lcbo/wine-14/fontanafredda-eremo-langhe-rosso-2016-454041
33.25,95,Zuccardi Concreto Malbec 2017,https://www.lcbo.com/webapp/wcs/stores/servlet/en/lcbo/wine-14/zuccardi-concreto-malbec-2017-455774
27.95,91,Anthonij Rupert Optima 2013,https://www.lcbo.com/webapp/wcs/stores/servlet/en/lcbo/wine-14/anthonij-rupert-optima-2013-455915
415.00,100,Heitz Martha's Vineyard Cabernet Sauvignon 2014,https://www.lcbo.com/webapp/wcs/stores/servlet/en/lcbo/wine-14/heitz-marthas-vineyard-cabernet-sauvignon-2014-456855
80.00,96,Mayacamas Chardonnay 2018,https://www.lcbo.com/webapp/wcs/stores/servlet/en/lcbo/wine-14/mayacamas-chardonnay-2018-457556
709.00,98,Dom Pérignon Brut Champagne 2008,https://www.lcbo.com/webapp/wcs/stores/servlet/en/lcbo/wine-14/dom-p%C3%A9rignon-brut-champagne-2008-461145
54.00,94,Tolaini Montebello Gran Selezione Chianti Classico 2015,https://www.lcbo.com/webapp/wcs/stores/servlet/en/lcbo/wine-14/tolaini-montebello-gran-selezione-chianti-classico-2015-466607
132.00,95,Paul Hobbs Hyde Vineyard Pinot Noir 2017,https://www.lcbo.com/webapp/wcs/stores/servlet/en/lcbo/wine-14/paul-hobbs-hyde-vineyard-pinot-noir-2017-467357
80.00,94,Zuccardi Aluvional Altamira Malbec 2011,https://www.lcbo.com/webapp/wcs/stores/servlet/en/lcbo/wine-14/zuccardi-aluvional-altamira-malbec-2011-468058
24.75,95,The Lane Single Vineyard Block 14 Basket Press Shiraz 2016,https://www.lcbo.com/webapp/wcs/stores/servlet/en/lcbo/wine-14/the-lane-single-vineyard-block-14-basket-press-shiraz-2016-470591
14.95,91,Cantina San Paolo Aglianico 2017,https://www.lcbo.com/webapp/wcs/stores/servlet/en/lcbo/wine-14/cantina-san-paolo-aglianico-2017-473132
32.00,93,La Chapelle de Lafaurie-Peyraguey 2015,https://www.lcbo.com/webapp/wcs/stores/servlet/en/lcbo/wine-14/la-chapelle-de-lafaurie-peyraguey-2015-477588
38.00,91,Le Macchiole Bolgheri Rosso 2017,https://www.lcbo.com/webapp/wcs/stores/servlet/en/lcbo/wine-14/le-macchiole-bolgheri-rosso-2017-483412
21.95,93,Old Coach Road Sauvignon Blanc 2019,https://www.lcbo.com/webapp/wcs/stores/servlet/en/lcbo/wine-14/old-coach-road-sauvignon-blanc-2019-483495
15.95,91,Château L'Espérance 2010,https://www.lcbo.com/webapp/wcs/stores/servlet/en/lcbo/wine-14/ch%C3%A2teau-lesp%C3%A9rance-2010-487868
73.00,96,Domaine Drouhin Oregon Roserock Zéphirine Pinot Noir 2017,https://www.lcbo.com/webapp/wcs/stores/servlet/en/lcbo/wine-14/domaine-drouhin-oregon-roserock-z%C3%A9phirine-pinot-noir-2017-488684
38.95,88,Gérard Bertrand Côte des Roses Rosé 2018,https://www.lcbo.com/webapp/wcs/stores/servlet/en/lcbo/wine-14/g%C3%A9rard-bertrand-c%C3%B4te-des-roses-ros%C3%A9-2018-490912
29.95,92,Intrinsic Cabernet Sauvignon 2017,https://www.lcbo.com/webapp/wcs/stores/servlet/en/lcbo/wine-14/intrinsic-cabernet-sauvignon-2017-493379
68.00,93,Cave di Prun Riserva Amarone della Valpolicella Classico 2008,https://www.lcbo.com/webapp/wcs/stores/servlet/en/lcbo/wine-14/cave-di-prun-riserva-amarone-della-valpolicella-classico-2008-499889
15.95,89,Vilarnau Barcelona Reserva Brut Cava,https://www.lcbo.com/webapp/wcs/stores/servlet/en/lcbo/wine-14/vilarnau-barcelona-reserva-brut-cava-515254
35.95,93,Ama Chianti Classico 2016,https://www.lcbo.com/webapp/wcs/stores/servlet/en/lcbo/wine-14/ama-chianti-classico-2016-515759
69.00,91,Lang & Reed Two Fourteen Cabernet Franc 2013,https://www.lcbo.com/webapp/wcs/stores/servlet/en/lcbo/wine-14/lang-reed-two-fourteen-cabernet-franc-2013-521393
23.75,90,Ferraton Père & Fils Calendes Crozes-Hermitage 2016,https://www.lcbo.com/webapp/wcs/stores/servlet/en/lcbo/wine-14/ferraton-p%C3%A8re-fils-calendes-crozes-hermitage-2016-526376
28.95,90,Quadrus Reserva 2011,https://www.lcbo.com/webapp/wcs/stores/servlet/en/lcbo/wine-14/quadrus-reserva-2011-534271
102.00,96,Prats & Symington Chryseia 2017,https://www.lcbo.com/webapp/wcs/stores/servlet/en/lcbo/wine-14/prats-symington-chryseia-2017-538660
79.00,95,Giovanni Manzone Castelletto Barolo 2015,https://www.lcbo.com/webapp/wcs/stores/servlet/en/lcbo/wine-14/giovanni-manzone-castelletto-barolo-2015-539239
16.25,92,Vistamar Corte de Campo Coastal Blend 2015,https://www.lcbo.com/webapp/wcs/stores/servlet/en/lcbo/wine-14/vistamar-corte-de-campo-coastal-blend-2015-541003
23.95,94,Matetic Corralillo Winemaker's Blend 2015,https://www.lcbo.com/webapp/wcs/stores/servlet/en/lcbo/wine-14/matetic-corralillo-winemakers-blend-2015-541177
17.95,92,Hola! Organic Brut Cava,https://www.lcbo.com/webapp/wcs/stores/servlet/en/lcbo/wine-14/hola%21-organic-brut-cava-545848
102.00,95,The Hilt Old Guard Chardonnay 2016,https://www.lcbo.com/webapp/wcs/stores/servlet/en/lcbo/wine-14/the-hilt-old-guard-chardonnay-2016-546259
62.00,94,Maetierra Dominum QP 2009,https://www.lcbo.com/webapp/wcs/stores/servlet/en/lcbo/wine-14/maetierra-dominum-qp-2009-548032
24.95,89,Santa Barbara Winery Pinot Noir 2015,https://www.lcbo.com/webapp/wcs/stores/servlet/en/lcbo/wine-14/santa-barbara-winery-pinot-noir-2015-548727
31.25,91,Argot Motifs Chardonnay 2015,https://www.lcbo.com/webapp/wcs/stores/servlet/en/lcbo/wine-14/argot-motifs-chardonnay-2015-548818
13.95,90,Monte da Ravasqueira MR Clássico 2018,https://www.lcbo.com/webapp/wcs/stores/servlet/en/lcbo/wine-14/monte-da-ravasqueira-mr-cl%C3%A1ssico-2018-548842
49.00,96,Gini Contrada Salvarenza Vecchie Vigne Soave Classico 2016,https://www.lcbo.com/webapp/wcs/stores/servlet/en/lcbo/wine-14/gini-contrada-salvarenza-vecchie-vigne-soave-classico-2016-549592
114.00,95,Jeff Cohn Cellars Domaine des Chirats Rockpile Vineyard Syrah 2014,https://www.lcbo.com/webapp/wcs/stores/servlet/en/lcbo/wine-14/jeff-cohn-cellars-domaine-des-chirats-rockpile-vineyard-syrah-2014-554238
11.25,92,La Posta Tinto 2016,https://www.lcbo.com/webapp/wcs/stores/servlet/en/lcbo/wine-14/la-posta-tinto-2016-555789
47.00,91,Pascal Jolivet Le Chêne Marchand Sancerre 2015,https://www.lcbo.com/webapp/wcs/stores/servlet/en/lcbo/wine-14/pascal-jolivet-le-ch%C3%AAne-marchand-sancerre-2015-560326
26.95,96,Watershed Senses Chardonnay 2016,https://www.lcbo.com/webapp/wcs/stores/servlet/en/lcbo/wine-14/watershed-senses-chardonnay-2016-570150
17.95,90,Castelli del Grevepesa Castelgreve Chianti Classico 2016,https://www.lcbo.com/webapp/wcs/stores/servlet/en/lcbo/wine-14/castelli-del-grevepesa-castelgreve-chianti-classico-2016-573485
19.95,89,Viticcio Morellino di Scansano 2016,https://www.lcbo.com/webapp/wcs/stores/servlet/en/lcbo/wine-14/viticcio-morellino-di-scansano-2016-574186
99.95,94,Galerie Latro Cabernet Sauvignon 2014,https://www.lcbo.com/webapp/wcs/stores/servlet/en/lcbo/wine-14/galerie-latro-cabernet-sauvignon-2014-574459
42.95,97,Nativ Bicento Irpinia Campi Taurasini 2016,https://www.lcbo.com/webapp/wcs/stores/servlet/en/lcbo/wine-14/nativ-bicento-irpinia-campi-taurasini-2016-575035
80.00,95,Château La Cabanne 2015,https://www.lcbo.com/webapp/wcs/stores/servlet/en/lcbo/wine-14/ch%C3%A2teau-la-cabanne-2015-578732
44.95,91,Michele Chiarlo Tortoniano Barolo 2012,https://www.lcbo.com/webapp/wcs/stores/servlet/en/lcbo/wine-14/michele-chiarlo-tortoniano-barolo-2012-586388
313.00,90,Masi Costasera Amarone della Valpolicella Classico 1990,https://www.lcbo.com/webapp/wcs/stores/servlet/en/lcbo/wine-14/masi-costasera-amarone-della-valpolicella-classico-1990-594895
990.00,94,Masi Mazzano Amarone della Valpolicella Classico 2006,https://www.lcbo.com/webapp/wcs/stores/servlet/en/lcbo/wine-14/masi-mazzano-amarone-della-valpolicella-classico-2006-597443
28.95,90,Masi Grandarella Refosco 2015,https://www.lcbo.com/webapp/wcs/stores/servlet/en/lcbo/wine-14/masi-grandarella-refosco-2015-606921
106.00,91,Domaine de Montille Les Perrières Beaune 1er Cru 2017,https://www.lcbo.com/webapp/wcs/stores/servlet/en/lcbo/wine-14/domaine-de-montille-les-perri%C3%A8res-beaune-1er-cru-2017-609586
40.00,93,François Villard Certitude Crozes-Hermitage 2016,https://www.lcbo.com/webapp/wcs/stores/servlet/en/lcbo/wine-14/fran%C3%A7ois-villard-certitude-crozes-hermitage-2016-609800
14.95,91,La Celia Reserva Malbec/Cabernet Franc 2017,https://www.lcbo.com/webapp/wcs/stores/servlet/en/lcbo/wine-14/la-celia-reserva-malbec-cabernet-franc-2017-618280
24.95,95,Clos de los Siete 2017,https://www.lcbo.com/webapp/wcs/stores/servlet/en/lcbo/wine-14/clos-de-los-siete-2017-622571
398.00,95,Luce 2008,https://www.lcbo.com/webapp/wcs/stores/servlet/en/lcbo/wine-14/luce-2008-625533
946.00,92,Luce 2000,https://www.lcbo.com/webapp/wcs/stores/servlet/en/lcbo/wine-14/luce-2000-625558
55.00,96,Kuentz-Bas Geisberg Riesling 2015,https://www.lcbo.com/webapp/wcs/stores/servlet/en/lcbo/wine-14/kuentz-bas-geisberg-riesling-2015-628537
24.95,94,ZaHa El Corte 2016,https://www.lcbo.com/webapp/wcs/stores/servlet/en/lcbo/wine-14/zaha-el-corte-2016-629972
27.95,92,Bischöfliche Weingüter Trier Piesporter Goldtropfchen Riesling Kabinett 2016,https://www.lcbo.com/webapp/wcs/stores/servlet/en/lcbo/wine-14/bisch%C3%B6fliche-weing%C3%BCter-trier-piesporter-goldtropfchen-riesling-kabinett-2016-629998
16.95,90,Château les Petits Arnauds Tradition 2016,https://www.lcbo.com/webapp/wcs/stores/servlet/en/lcbo/wine-14/ch%C3%A2teau-les-petits-arnauds-tradition-2016-630103
19.95,90,Kanonkop Kadette Pinotage 2016,https://www.lcbo.com/webapp/wcs/stores/servlet/en/lcbo/wine-14/kanonkop-kadette-pinotage-2016-630756
19.95,95,Wapisa Malbec 2017,https://www.lcbo.com/webapp/wcs/stores/servlet/en/lcbo/wine-14/wapisa-malbec-2017-631879
85.00,94,Flanagan Sonoma Coast Pinot Noir 2015,https://www.lcbo.com/webapp/wcs/stores/servlet/en/lcbo/wine-14/flanagan-sonoma-coast-pinot-noir-2015-631994
31.00,93,Collavini Turian Ribolla Gialla 2017,https://www.lcbo.com/webapp/wcs/stores/servlet/en/lcbo/wine-14/collavini-turian-ribolla-gialla-2017-632398
29.95,93,San Pedro Sideral 2016,https://www.lcbo.com/webapp/wcs/stores/servlet/en/lcbo/wine-14/san-pedro-sideral-2016-632927
20.95,89,Pierre Lurton Bordeaux 2016,https://www.lcbo.com/webapp/wcs/stores/servlet/en/lcbo/wine-14/pierre-lurton-bordeaux-2016-632984
60.00,95,Flying Goat Cellars Rio Vista Vineyard Dijon Pinot Noir 2013,https://www.lcbo.com/webapp/wcs/stores/servlet/en/lcbo/wine-14/flying-goat-cellars-rio-vista-vineyard-dijon-pinot-noir-2013-633842
540.00,94,Domaine de la Romanée-Conti Échézeaux Grand Cru 2017,https://www.lcbo.com/webapp/wcs/stores/servlet/en/lcbo/wine-14/domaine-de-la-roman%C3%A9e-conti-%C3%A9ch%C3%A9zeaux-grand-cru-2017-634196
32.95,91,Domaine Sangouard-Guyot Terroirs Pouilly-Fuissé 2016,https://www.lcbo.com/webapp/wcs/stores/servlet/en/lcbo/wine-14/domaine-sangouard-guyot-terroirs-pouilly-fuiss%C3%A9-2016-637850
24.95,90,Josh Cellars North Coast Reserve Cabernet Sauvignon 2016,https://www.lcbo.com/webapp/wcs/stores/servlet/en/lcbo/wine-14/josh-cellars-north-coast-reserve-cabernet-sauvignon-2016-648675
23.95,93,Staete Landt Annabel Sauvignon Blanc 2018,https://www.lcbo.com/webapp/wcs/stores/servlet/en/lcbo/wine-14/staete-landt-annabel-sauvignon-blanc-2018-648691
22.25,92,Cambria Tepusquet Vineyard Syrah 2014,https://www.lcbo.com/webapp/wcs/stores/servlet/en/lcbo/wine-14/cambria-tepusquet-vineyard-syrah-2014-660415
75.00,94,Palazzo Brunello di Montalcino 2015,https://www.lcbo.com/webapp/wcs/stores/servlet/en/lcbo/wine-14/palazzo-brunello-di-montalcino-2015-660746
65.00,92,Croix Canon 2012,https://www.lcbo.com/webapp/wcs/stores/servlet/en/lcbo/wine-14/croix-canon-2012-671289
75.00,96,Brancaia Ilatraia 2015,https://www.lcbo.com/webapp/wcs/stores/servlet/en/lcbo/wine-14/brancaia-ilatraia-2015-685230
30.95,89,Jean Pabiot et Fils Domaine des Fines Caillottes Pouilly-Fumé 2018,https://www.lcbo.com/webapp/wcs/stores/servlet/en/lcbo/wine-14/jean-pabiot-et-fils-domaine-des-fines-caillottes-pouilly-fum%C3%A9-2018-695908
59.00,92,Château La Nerthe Châteauneuf-du-Pape Blanc 2018,https://www.lcbo.com/webapp/wcs/stores/servlet/en/lcbo/wine-14/ch%C3%A2teau-la-nerthe-ch%C3%A2teauneuf-du-pape-blanc-2018-704429
653.00,100,Vérité La Joie 2007,https://www.lcbo.com/webapp/wcs/stores/servlet/en/lcbo/wine-14/v%C3%A9rit%C3%A9-la-joie-2007-710285
105.00,91,Patrick Javillier Les Tillets Meursault 2018,https://www.lcbo.com/webapp/wcs/stores/servlet/en/lcbo/wine-14/patrick-javillier-les-tillets-meursault-2018-714899
69.00,95,San Felice Poggio Rosso Gran Selezione Chianti Classico 2016,https://www.lcbo.com/webapp/wcs/stores/servlet/en/lcbo/wine-14/san-felice-poggio-rosso-gran-selezione-chianti-classico-2016-902809
22.95,90,Bogle Vineyards Cabernet Sauvignon 2016,https://www.lcbo.com/webapp/wcs/stores/servlet/en/lcbo/wine-14/bogle-vineyards-cabernet-sauvignon-2016-904565
49.95,92,La Crema Russian River Valley Pinot Noir 2015,https://www.lcbo.com/webapp/wcs/stores/servlet/en/lcbo/wine-14/la-crema-russian-river-valley-pinot-noir-2015-906404
27.95,94,Lapostolle Cuvée Alexandre Cabernet Sauvignon 2015,https://www.lcbo.com/webapp/wcs/stores/servlet/en/lcbo/wine-14/lapostolle-cuv%C3%A9e-alexandre-cabernet-sauvignon-2015-947929
16.95,88,Famille Perrin Nature Côtes du Rhône 2017,https://www.lcbo.com/webapp/wcs/stores/servlet/en/lcbo/wine-14/famille-perrin-nature-c%C3%B4tes-du-rh%C3%B4ne-2017-948059
21.95,92,Barón de Ley Reserva 2015,https://www.lcbo.com/webapp/wcs/stores/servlet/en/lcbo/wine-14/bar%C3%B3n-de-ley-reserva-2015-958868
27.95,93,Condado de Haza Crianza 2014,https://www.lcbo.com/webapp/wcs/stores/servlet/en/lcbo/wine-14/condado-de-haza-crianza-2014-963348
17.95,92,Domaine de La Madone Le Perréon Beaujolais-Villages 2018,https://www.lcbo.com/webapp/wcs/stores/servlet/en/lcbo/wine-14/domaine-de-la-madone-le-perr%C3%A9on-beaujolais-villages-2018-981175
17.95,93,Mount Riley Sauvignon Blanc 2019,https://www.lcbo.com/webapp/wcs/stores/servlet/en/lcbo/wine-14/mount-riley-sauvignon-blanc-2019-981670
39.75,94,Catena Alta Historic Rows Malbec 2016,https://www.lcbo.com/webapp/wcs/stores/servlet/en/lcbo/wine-14/catena-alta-historic-rows-malbec-2016-982355
95.00,96,Laurent-Perrier Brut Millésimé Champagne 2008,https://www.lcbo.com/webapp/wcs/stores/servlet/en/lcbo/wine-14/laurent-perrier-brut-mill%C3%A9sim%C3%A9-champagne-2008-983874
19.95,93,d'Arenberg The Footbolt Shiraz 2017,https://www.lcbo.com/webapp/wcs/stores/servlet/en/lcbo/wine-14/darenberg-the-footbolt-shiraz-2017-984021
16.95,91,Terra d'Aligi Tatone Montepulciano d'Abruzzo 2016,https://www.lcbo.com/webapp/wcs/stores/servlet/en/lcbo/wine-14/terra-daligi-tatone-montepulciano-dabruzzo-2016-994616
23.95,90,J.L. Chave Sélection Mon Coeur Côtes du Rhône 2017,https://www.lcbo.com/webapp/wcs/stores/servlet/en/lcbo/wine-14/jl-chave-s%C3%A9lection-mon-coeur-c%C3%B4tes-du-rh%C3%B4ne-2017-995548
18.95,93,Solanera Viñas Viejas 2016,https://www.lcbo.com/webapp/wcs/stores/servlet/en/lcbo/wine-14/solanera-vi%C3%B1as-viejas-2016-276162
19.95,91,Reif Reserve Gewürztraminer 2016,https://www.lcbo.com/webapp/wcs/stores/servlet/en/lcbo/wine-14/reif-reserve-gew%C3%BCrztraminer-2016-360255
45.00,95,Adão António Aguiar Reserva 2014,https://www.lcbo.com/webapp/wcs/stores/servlet/en/lcbo/wine-14/ad%C3%A3o-ant%C3%B3nio-aguiar-reserva-2014-539544
23.00,90,Santa Ema Amplus Chardonnay 2018,https://www.lcbo.com/webapp/wcs/stores/servlet/en/lcbo/wine-14/santa-ema-amplus-chardonnay-2018-638437
20.75,90,Prieto Pariente La Provincia 2015,https://www.lcbo.com/webapp/wcs/stores/servlet/en/lcbo/wine-14/prieto-pariente-la-provincia-2015-644872
25.95,93,Tornatore Etna Rosso 2017,https://www.lcbo.com/webapp/wcs/stores/servlet/en/lcbo/wine-14/tornatore-etna-rosso-2017-487090
19.95,95,Zonte's Footstep Chocolate Factory Shiraz 2018,https://www.lcbo.com/webapp/wcs/stores/servlet/en/lcbo/wine-14/zontes-footstep-chocolate-factory-shiraz-2018-396481
40.95,93,Gabriel Meffre Laurus Gigondas 2014,https://www.lcbo.com/webapp/wcs/stores/servlet/en/lcbo/wine-14/gabriel-meffre-laurus-gigondas-2014-163113
115.00,91,Maison Louis Jadot Les Clos Chablis Grand Cru 2018,https://www.lcbo.com/webapp/wcs/stores/servlet/en/lcbo/wine-14/maison-louis-jadot-les-clos-chablis-grand-cru-2018-508424
20.95,92,Lavau Rasteau 2015,https://www.lcbo.com/webapp/wcs/stores/servlet/en/lcbo/wine-14/lavau-rasteau-2015-394650
34.95,90,Cambria Julia's Vineyard Pinot Noir 2015,https://www.lcbo.com/webapp/wcs/stores/servlet/en/lcbo/wine-14/cambria-julias-vineyard-pinot-noir-2015-980482
21.95,92,Alejandro Fernández Dehesa La Granja 2011,https://www.lcbo.com/webapp/wcs/stores/servlet/en/lcbo/wine-14/alejandro-fern%C3%A1ndez-dehesa-la-granja-2011-192476
23.95,92,Castello di Querceto Chianti Classico 2016,https://www.lcbo.com/webapp/wcs/stores/servlet/en/lcbo/wine-14/castello-di-querceto-chianti-classico-2016-680496
137.00,97,Domaine Isabel Ferrando Colombis Châteauneuf-du-Pape 2017,https://www.lcbo.com/webapp/wcs/stores/servlet/en/lcbo/wine-14/domaine-isabel-ferrando-colombis-ch%C3%A2teauneuf-du-pape-2017-416354
19.75,91,Larry Charubino Pedestal Chardonnay 2017,https://www.lcbo.com/webapp/wcs/stores/servlet/en/lcbo/wine-14/larry-charubino-pedestal-chardonnay-2017-633446
24.95,91,Castoro Cellars Estate Grown Zinfandel 2016,https://www.lcbo.com/webapp/wcs/stores/servlet/en/lcbo/wine-14/castoro-cellars-estate-grown-zinfandel-2016-645432
15.95,90,Feudo Maccari Olli Grillo 2019,https://www.lcbo.com/webapp/wcs/stores/servlet/en/lcbo/wine-14/feudo-maccari-olli-grillo-2019-477877
18.95,94,Tommasi Poggio al Tufo Cabernet Sauvignon 2016,https://www.lcbo.com/webapp/wcs/stores/servlet/en/lcbo/wine-14/tommasi-poggio-al-tufo-cabernet-sauvignon-2016-203927
105.00,96,Montevertine 2017,https://www.lcbo.com/webapp/wcs/stores/servlet/en/lcbo/wine-14/montevertine-2017-167742
18.95,91,Cap Royal Rouge 2016,https://www.lcbo.com/webapp/wcs/stores/servlet/en/lcbo/wine-14/cap-royal-rouge-2016-486761
149.00,96,Catena Zapata Adrianna Vineyard River Stones Malbec 2015,https://www.lcbo.com/webapp/wcs/stores/servlet/en/lcbo/wine-14/catena-zapata-adrianna-vineyard-river-stones-malbec-2015-542845
16.95,95,San Marzano Talò Primitivo di Manduria 2016,https://www.lcbo.com/webapp/wcs/stores/servlet/en/lcbo/wine-14/san-marzano-tal%C3%B2-primitivo-di-manduria-2016-455220
300.00,95,Domaine Dujac Aux Combottes Gevrey-Chambertin 1er Cru 2018,https://www.lcbo.com/webapp/wcs/stores/servlet/en/lcbo/wine-14/domaine-dujac-aux-combottes-gevrey-chambertin-1er-cru-2018-608547
533.00,97,Domaine Dujac Clos de La Roche Grand Cru 2018,https://www.lcbo.com/webapp/wcs/stores/servlet/en/lcbo/wine-14/domaine-dujac-clos-de-la-roche-grand-cru-2018-988097
160.00,100,Don Melchor Cabernet Sauvignon 2018,https://www.lcbo.com/webapp/wcs/stores/servlet/en/lcbo/wine-14/don-melchor-cabernet-sauvignon-2018-403980
840.00,97,Masseto 2017,https://www.lcbo.com/webapp/wcs/stores/servlet/en/lcbo/wine-14/masseto-2017-730655
17.75,91,Jean-Luc Colombo Le Pavillon des Courtisanes Cairanne 2016,https://www.lcbo.com/webapp/wcs/stores/servlet/en/lcbo/wine-14/jean-luc-colombo-le-pavillon-des-courtisanes-cairanne-2016-120717
41.95,92,Château-Fuissé Tête de Cuvée Pouilly-Fuissé 2017,https://www.lcbo.com/webapp/wcs/stores/servlet/en/lcbo/wine-14/ch%C3%A2teau-fuiss%C3%A9-t%C3%AAte-de-cuv%C3%A9e-pouilly-fuiss%C3%A9-2017-208546
160.00,97,Standish The Relic Shiraz/Viognier 2017,https://www.lcbo.com/webapp/wcs/stores/servlet/en/lcbo/wine-14/standish-the-relic-shiraz-viognier-2017-71795
230.00,98,Montevertine Le Pergole Torte 2017,https://www.lcbo.com/webapp/wcs/stores/servlet/en/lcbo/wine-14/montevertine-le-pergole-torte-2017-316604
27.95,94,Nautilus Chardonnay 2017,https://www.lcbo.com/webapp/wcs/stores/servlet/en/lcbo/wine-14/nautilus-chardonnay-2017-331652
19.95,92,Château de Nages Vieilles Vignes Blanc 2017,https://www.lcbo.com/webapp/wcs/stores/servlet/en/lcbo/wine-14/ch%C3%A2teau-de-nages-vieilles-vignes-blanc-2017-479659
14.25,89,Casa Monte Pío Albariño 2016,https://www.lcbo.com/webapp/wcs/stores/servlet/en/lcbo/wine-14/casa-monte-p%C3%ADo-albari%C3%B1o-2016-629824
19.95,96,Nativ Rue Dell'Inchiostro Aglianico 2017,https://www.lcbo.com/webapp/wcs/stores/servlet/en/lcbo/wine-14/nativ-rue-dellinchiostro-aglianico-2017-631606
19.95,90,Labrusca Lini 910 Reggiano Lambrusco Rosso Secco,https://www.lcbo.com/webapp/wcs/stores/servlet/en/lcbo/wine-14/labrusca-lini-910-reggiano-lambrusco-rosso-secco-632208
69.95,95,Sequoia Grove Cabernet Sauvignon 2014,https://www.lcbo.com/webapp/wcs/stores/servlet/en/lcbo/wine-14/sequoia-grove-cabernet-sauvignon-2014-60020
39.95,91,Domaine Laroche Vieilles Vignes Les Vaillons Chablis 1er Cru 2018,https://www.lcbo.com/webapp/wcs/stores/servlet/en/lcbo/wine-14/domaine-laroche-vieilles-vignes-les-vaillons-chablis-1er-cru-2018-991893
14.95,91,Montes Limited Selection Carmenère 2018,https://www.lcbo.com/webapp/wcs/stores/servlet/en/lcbo/wine-14/montes-limited-selection-carmen%C3%A8re-2018-256685
21.95,92,Tormaresca Torcicoda Primitivo 2017,https://www.lcbo.com/webapp/wcs/stores/servlet/en/lcbo/wine-14/tormaresca-torcicoda-primitivo-2017-320929
47.00,91,Tantalus Pinot Noir 2018,https://www.lcbo.com/webapp/wcs/stores/servlet/en/lcbo/wine-14/tantalus-pinot-noir-2018-574228
29.95,92,Mission Hill Reserve Cabernet Sauvignon 2017,https://www.lcbo.com/webapp/wcs/stores/servlet/en/lcbo/wine-14/mission-hill-reserve-cabernet-sauvignon-2017-553321
180.00,94,Silverado Vineyards Estate Grown Cabernet Sauvignon 2016,https://www.lcbo.com/webapp/wcs/stores/servlet/en/lcbo/wine-14/silverado-vineyards-estate-grown-cabernet-sauvignon-2016-111880
46.95,92,Giribaldi Barolo 2014,https://www.lcbo.com/webapp/wcs/stores/servlet/en/lcbo/wine-14/giribaldi-barolo-2014-948976
24.95,90,Château La Cardonne 2010,https://www.lcbo.com/webapp/wcs/stores/servlet/en/lcbo/wine-14/ch%C3%A2teau-la-cardonne-2010-550244
16.95,90,St. Hubertus Pinot Blanc 2016,https://www.lcbo.com/webapp/wcs/stores/servlet/en/lcbo/wine-14/st-hubertus-pinot-blanc-2016-648899
21.95,91,Cune Reserva 2014,https://www.lcbo.com/webapp/wcs/stores/servlet/en/lcbo/wine-14/cune-reserva-2014-417659
17.25,90,Conceito Contraste 2016,https://www.lcbo.com/webapp/wcs/stores/servlet/en/lcbo/wine-14/conceito-contraste-2016-268003
153.00,97,Le Macchiole Paleo 2016,https://www.lcbo.com/webapp/wcs/stores/servlet/en/lcbo/wine-14/le-macchiole-paleo-2016-945667
415.00,100,Eisele Vineyard Cabernet Sauvignon 2015,https://www.lcbo.com/webapp/wcs/stores/servlet/en/lcbo/wine-14/eisele-vineyard-cabernet-sauvignon-2015-118026
65.00,95,Produttori del Barbaresco Barbaresco 2016,https://www.lcbo.com/webapp/wcs/stores/servlet/en/lcbo/wine-14/produttori-del-barbaresco-barbaresco-2016-708826
52.00,93,Yves Cuilleron Cavanos Saint-Joseph 2018,https://www.lcbo.com/webapp/wcs/stores/servlet/en/lcbo/wine-14/yves-cuilleron-cavanos-saint-joseph-2018-699397
96.00,94,Château Grand-Puy Ducasse 2015,https://www.lcbo.com/webapp/wcs/stores/servlet/en/lcbo/wine-14/ch%C3%A2teau-grand-puy-ducasse-2015-10182
58.00,92,Domaine Bouchard Père & Fils Beaune du Château 1er Cru 2016,https://www.lcbo.com/webapp/wcs/stores/servlet/en/lcbo/wine-14/domaine-bouchard-p%C3%A8re-fils-beaune-du-ch%C3%A2teau-1er-cru-2016-901199
95.00,90,Domaine Louis Jadot Clos de Malte Santenay 2018,https://www.lcbo.com/webapp/wcs/stores/servlet/en/lcbo/wine-14/domaine-louis-jadot-clos-de-malte-santenay-2018-332528
63.00,93,Elena Fucci Titolo Aglianico del Vulture 2017,https://www.lcbo.com/webapp/wcs/stores/servlet/en/lcbo/wine-14/elena-fucci-titolo-aglianico-del-vulture-2017-314971
30.95,95,Valdespino Inocente Single Vineyard Fino Dry Sherry,https://www.lcbo.com/webapp/wcs/stores/servlet/en/lcbo/wine-14/valdespino-inocente-single-vineyard-fino-dry-sherry-378919
16.95,98,Federici Roma Rosso 2017,https://www.lcbo.com/webapp/wcs/stores/servlet/en/lcbo/wine-14/federici-roma-rosso-2017-638726
16.95,90,Collavini T Friulano 2017,https://www.lcbo.com/webapp/wcs/stores/servlet/en/lcbo/wine-14/collavini-t-friulano-2017-631622
14.95,89,Leopard's Leap Pinotage/Shiraz 2016,https://www.lcbo.com/webapp/wcs/stores/servlet/en/lcbo/wine-14/leopards-leap-pinotage-shiraz-2016-148205
16.95,93,Black Cottage Rosé 2019,https://www.lcbo.com/webapp/wcs/stores/servlet/en/lcbo/wine-14/black-cottage-ros%C3%A9-2019-539320
24.95,91,LAN Reserva 2012,https://www.lcbo.com/webapp/wcs/stores/servlet/en/lcbo/wine-14/lan-reserva-2012-42929
15.95,89,Snapper Rock Sauvignon Rosé 2018,https://www.lcbo.com/webapp/wcs/stores/servlet/en/lcbo/wine-14/snapper-rock-sauvignon-ros%C3%A9-2018-668459
39.25,92,Sperling Brut Reserve 2011,https://www.lcbo.com/webapp/wcs/stores/servlet/en/lcbo/wine-14/sperling-brut-reserve-2011-635144
16.95,90,Le Cirque Grenache/Syrah/Mourvèdre 2015,https://www.lcbo.com/webapp/wcs/stores/servlet/en/lcbo/wine-14/le-cirque-grenache-syrah-mourv%C3%A8dre-2015-277079
44.00,94,Quinta dos Murças Reserva 2013,https://www.lcbo.com/webapp/wcs/stores/servlet/en/lcbo/wine-14/quinta-dos-mur%C3%A7as-reserva-2013-427229
19.95,92,Maxwell Silver Hammer Shiraz 2017,https://www.lcbo.com/webapp/wcs/stores/servlet/en/lcbo/wine-14/maxwell-silver-hammer-shiraz-2017-89599
19.95,95,BenMarco Cabernet Sauvignon 2016,https://www.lcbo.com/webapp/wcs/stores/servlet/en/lcbo/wine-14/benmarco-cabernet-sauvignon-2016-232637
16.95,90,Viña Olabarri Crianza 2016,https://www.lcbo.com/webapp/wcs/stores/servlet/en/lcbo/wine-14/vi%C3%B1a-olabarri-crianza-2016-461277
14.95,92,Cimal Garnacha 2016,https://www.lcbo.com/webapp/wcs/stores/servlet/en/lcbo/wine-14/cimal-garnacha-2016-646836
13.95,90,Aveleda Loureiro 2017,https://www.lcbo.com/webapp/wcs/stores/servlet/en/lcbo/wine-14/aveleda-loureiro-2017-646067
19.95,90,Calamus Estate Winery Meritage 2016,https://www.lcbo.com/webapp/wcs/stores/servlet/en/lcbo/wine-14/calamus-estate-winery-meritage-2016-10530
24.95,92,Canonica a Cerreto Riserva Chianti Classico 2013,https://www.lcbo.com/webapp/wcs/stores/servlet/en/lcbo/wine-14/canonica-a-cerreto-riserva-chianti-classico-2013-275867
26.95,96,Tenuta Roveglia Vigne di Catullo Lugana Riserva 2014,https://www.lcbo.com/webapp/wcs/stores/servlet/en/lcbo/wine-14/tenuta-roveglia-vigne-di-catullo-lugana-riserva-2014-437004
24.95,90,Esk Valley Chardonnay 2017,https://www.lcbo.com/webapp/wcs/stores/servlet/en/lcbo/wine-14/esk-valley-chardonnay-2017-149997
110.00,97,Albert Bichot Domaine Long-Depaquit Les Clos Chablis Grand Cru 2018,https://www.lcbo.com/webapp/wcs/stores/servlet/en/lcbo/wine-14/albert-bichot-domaine-long-depaquit-les-clos-chablis-grand-cru-2018-10184
129.00,93,Domaine Bouchard Père & Fils Genevrières Meursault 1er Cru 2016,https://www.lcbo.com/webapp/wcs/stores/servlet/en/lcbo/wine-14/domaine-bouchard-p%C3%A8re-fils-genevri%C3%A8res-meursault-1er-cru-2016-87049
39.00,90,Château Magondeau Passion 2016,https://www.lcbo.com/webapp/wcs/stores/servlet/en/lcbo/wine-14/ch%C3%A2teau-magondeau-passion-2016-11723
75.00,96,Montes Folly Syrah 2017,https://www.lcbo.com/webapp/wcs/stores/servlet/en/lcbo/wine-14/montes-folly-syrah-2017-62356
105.00,96,Brittan Vineyards Cygnus Block Pinot Noir 2016,https://www.lcbo.com/webapp/wcs/stores/servlet/en/lcbo/wine-14/brittan-vineyards-cygnus-block-pinot-noir-2016-10364
19.95,91,Firriato Santagostino Baglio Sorìa Nero d'Avola/Syrah 2013,https://www.lcbo.com/webapp/wcs/stores/servlet/en/lcbo/wine-14/firriato-santagostino-baglio-sor%C3%ACa-nero-davola-syrah-2013-291369
91.00,94,Château Haut-Bages Libéral 2015,https://www.lcbo.com/webapp/wcs/stores/servlet/en/lcbo/wine-14/ch%C3%A2teau-haut-bages-lib%C3%A9ral-2015-666925
25.00,95,Castello d'Alba Vinhas Velhas 2015,https://www.lcbo.com/webapp/wcs/stores/servlet/en/lcbo/wine-14/castello-dalba-vinhas-velhas-2015-10399
59.95,95,De Wetshof Bataleur Chardonnay 2016,https://www.lcbo.com/webapp/wcs/stores/servlet/en/lcbo/wine-14/de-wetshof-bataleur-chardonnay-2016-10012
14.95,90,Argento Reserva Cabernet Franc 2015,https://www.lcbo.com/webapp/wcs/stores/servlet/en/lcbo/wine-14/argento-reserva-cabernet-franc-2015-668335
16.95,95,Luciano Arduini Fontana del Fongo Valpolicella Classico 2018,https://www.lcbo.com/webapp/wcs/stores/servlet/en/lcbo/wine-14/luciano-arduini-fontana-del-fongo-valpolicella-classico-2018-121731
21.95,92,Hazaña Viñas Viejas 2014,https://www.lcbo.com/webapp/wcs/stores/servlet/en/lcbo/wine-14/haza%C3%B1a-vi%C3%B1as-viejas-2014-648204
243.00,100,Muga Aro 2016,https://www.lcbo.com/webapp/wcs/stores/servlet/en/lcbo/wine-14/muga-aro-2016-169292
330.00,95,Château Canon 2005,https://www.lcbo.com/webapp/wcs/stores/servlet/en/lcbo/wine-14/ch%C3%A2teau-canon-2005-209270
64.00,89,Ségla 2012,https://www.lcbo.com/webapp/wcs/stores/servlet/en/lcbo/wine-14/s%C3%A9gla-2012-265512
49.00,93,Roda Reserva 2014,https://www.lcbo.com/webapp/wcs/stores/servlet/en/lcbo/wine-14/roda-reserva-2014-664557
156.00,94,Clos Pegase Hommage Cabernet Sauvignon 2014,https://www.lcbo.com/webapp/wcs/stores/servlet/en/lcbo/wine-14/clos-pegase-hommage-cabernet-sauvignon-2014-739219
14.75,90,Nederburg Manor House Sauvignon Blanc 2018,https://www.lcbo.com/webapp/wcs/stores/servlet/en/lcbo/wine-14/nederburg-manor-house-sauvignon-blanc-2018-372334
132.00,95,Domaine Louis Jadot Charmes Meursault 1er Cru 2018,https://www.lcbo.com/webapp/wcs/stores/servlet/en/lcbo/wine-14/domaine-louis-jadot-charmes-meursault-1er-cru-2018-404855
29.95,93,Luigi Bosca D.O.C. Malbec 2016,https://www.lcbo.com/webapp/wcs/stores/servlet/en/lcbo/wine-14/luigi-bosca-doc-malbec-2016-74922
19.95,92,Puente Austral Gran Reserva Cabernet Sauvignon 2016,https://www.lcbo.com/webapp/wcs/stores/servlet/en/lcbo/wine-14/puente-austral-gran-reserva-cabernet-sauvignon-2016-10593
99.00,99,Leeuwin Art Series Chardonnay 2017,https://www.lcbo.com/webapp/wcs/stores/servlet/en/lcbo/wine-14/leeuwin-art-series-chardonnay-2017-619437
25.95,93,Carmes de Rieussec 2015,https://www.lcbo.com/webapp/wcs/stores/servlet/en/lcbo/wine-14/carmes-de-rieussec-2015-472092
19.95,90,Puelles Reserva 2009,https://www.lcbo.com/webapp/wcs/stores/servlet/en/lcbo/wine-14/puelles-reserva-2009-10720
24.95,94,Ambrogio e Giovanni Folonari Nozzole Chianti Classico Riserva 2015,https://www.lcbo.com/webapp/wcs/stores/servlet/en/lcbo/wine-14/ambrogio-e-giovanni-folonari-nozzole-chianti-classico-riserva-2015-11109
109.00,93,Domaine William Fèvre Bougros Chablis Grand Cru 2017,https://www.lcbo.com/webapp/wcs/stores/servlet/en/lcbo/wine-14/domaine-william-f%C3%A8vre-bougros-chablis-grand-cru-2017-941229
50.00,94,Gabriëlskloof The Landscape Series Cabernet Franc 2017,https://www.lcbo.com/webapp/wcs/stores/servlet/en/lcbo/wine-14/gabri%C3%ABlskloof-the-landscape-series-cabernet-franc-2017-11092
385.00,97,Luce Lux Vitis 2017,https://www.lcbo.com/webapp/wcs/stores/servlet/en/lcbo/wine-14/luce-lux-vitis-2017-10619
159.00,96,The Standish Shiraz 2017,https://www.lcbo.com/webapp/wcs/stores/servlet/en/lcbo/wine-14/the-standish-shiraz-2017-10531
138.00,94,Inglenook Cabernet Sauvignon 2016,https://www.lcbo.com/webapp/wcs/stores/servlet/en/lcbo/wine-14/inglenook-cabernet-sauvignon-2016-29553
65.00,97,Rippon Mature Vine Pinot Noir 2016,https://www.lcbo.com/webapp/wcs/stores/servlet/en/lcbo/wine-14/rippon-mature-vine-pinot-noir-2016-11911
54.00,96,Grosset Nereus 2015,https://www.lcbo.com/webapp/wcs/stores/servlet/en/lcbo/wine-14/grosset-nereus-2015-10795
19.25,91,Thorn-Clarke Shotfire Quartage 2016,https://www.lcbo.com/webapp/wcs/stores/servlet/en/lcbo/wine-14/thorn-clarke-shotfire-quartage-2016-24091
17.95,92,Barahonda Barrica Monastrell/Syrah 2016,https://www.lcbo.com/webapp/wcs/stores/servlet/en/lcbo/wine-14/barahonda-barrica-monastrell-syrah-2016-378869
950.00,99,Colgin IX Estate Red 2012,https://www.lcbo.com/webapp/wcs/stores/servlet/en/lcbo/wine-14/colgin-ix-estate-red-2012-10905
525.00,97,Colgin IX Estate Syrah 2014,https://www.lcbo.com/webapp/wcs/stores/servlet/en/lcbo/wine-14/colgin-ix-estate-syrah-2014-10908
65.95,94,Xavier Vignon Cuvée Anonyme Châteauneuf-du-Pape 2015,https://www.lcbo.com/webapp/wcs/stores/servlet/en/lcbo/wine-14/xavier-vignon-cuv%C3%A9e-anonyme-ch%C3%A2teauneuf-du-pape-2015-393421
19.95,91,Saint Mont Les Vieilles Vignes 2014,https://www.lcbo.com/webapp/wcs/stores/servlet/en/lcbo/wine-14/saint-mont-les-vieilles-vignes-2014-10316
13.75,91,Calmel & Joseph Saint Chinian 2015,https://www.lcbo.com/webapp/wcs/stores/servlet/en/lcbo/wine-14/calmel-joseph-saint-chinian-2015-10623
15.75,90,Caparzo Rosso di Montalcino 2016,https://www.lcbo.com/webapp/wcs/stores/servlet/en/lcbo/wine-14/caparzo-rosso-di-montalcino-2016-333575
16.95,90,Les Darons 2017,https://www.lcbo.com/webapp/wcs/stores/servlet/en/lcbo/wine-14/les-darons-2017-448464
39.85,95,Château La Tour Blanche 2016,https://www.lcbo.com/webapp/wcs/stores/servlet/en/lcbo/wine-14/ch%C3%A2teau-la-tour-blanche-2016-524801
45.00,96,Trapiche Terroir Series Finca Orellana Single Vineyard Malbec 2015,https://www.lcbo.com/webapp/wcs/stores/servlet/en/lcbo/wine-14/trapiche-terroir-series-finca-orellana-single-vineyard-malbec-2015-178145
55.00,97,Clonakilla O'Riada Shiraz 2017,https://www.lcbo.com/webapp/wcs/stores/servlet/en/lcbo/wine-14/clonakilla-oriada-shiraz-2017-303248
53.95,96,Antinori Badia a Passignano Gran Selezione Chianti Classico 2016,https://www.lcbo.com/webapp/wcs/stores/servlet/en/lcbo/wine-14/antinori-badia-a-passignano-gran-selezione-chianti-classico-2016-384552
15.95,92,Balbás Verdejo 2018,https://www.lcbo.com/webapp/wcs/stores/servlet/en/lcbo/wine-14/balb%C3%A1s-verdejo-2018-10945
32.95,98,Castelforte Amarone della Valpolicella 2015,https://www.lcbo.com/webapp/wcs/stores/servlet/en/lcbo/wine-14/castelforte-amarone-della-valpolicella-2015-496414
41.00,94,Cave de Turckheim Brand Riesling 2017,https://www.lcbo.com/webapp/wcs/stores/servlet/en/lcbo/wine-14/cave-de-turckheim-brand-riesling-2017-21303
479.00,97,Roberto Voerzio Riserva 10 anni Fossati Case Nere Barolo 2010,https://www.lcbo.com/webapp/wcs/stores/servlet/en/lcbo/wine-14/roberto-voerzio-riserva-10-anni-fossati-case-nere-barolo-2010-13541
18.95,93,Christina The Heritage Collection Chardonnay 2017,https://www.lcbo.com/webapp/wcs/stores/servlet/en/lcbo/wine-14/christina-the-heritage-collection-chardonnay-2017-10104
21.95,93,Château des Capitans Juliénas 2017,https://www.lcbo.com/webapp/wcs/stores/servlet/en/lcbo/wine-14/ch%C3%A2teau-des-capitans-juli%C3%A9nas-2017-11359
24.95,97,Viñalba Gran Reserva Malbec 2015,https://www.lcbo.com/webapp/wcs/stores/servlet/en/lcbo/wine-14/vi%C3%B1alba-gran-reserva-malbec-2015-115311
18.95,93,Pencarrow Sauvignon Blanc 2017,https://www.lcbo.com/webapp/wcs/stores/servlet/en/lcbo/wine-14/pencarrow-sauvignon-blanc-2017-148429
390.00,95,Château Rauzan-Ségla 2009,https://www.lcbo.com/webapp/wcs/stores/servlet/en/lcbo/wine-14/ch%C3%A2teau-rauzan-s%C3%A9gla-2009-197699
510.00,97,Château Rauzan-Ségla 2015,https://www.lcbo.com/webapp/wcs/stores/servlet/en/lcbo/wine-14/ch%C3%A2teau-rauzan-s%C3%A9gla-2015-12399
305.00,97,Château Rauzan-Ségla 2005,https://www.lcbo.com/webapp/wcs/stores/servlet/en/lcbo/wine-14/ch%C3%A2teau-rauzan-s%C3%A9gla-2005-12581
610.00,97,Château Rauzan-Ségla 2005,https://www.lcbo.com/webapp/wcs/stores/servlet/en/lcbo/wine-14/ch%C3%A2teau-rauzan-s%C3%A9gla-2005-12396
126.00,97,Sorella 2014,https://www.lcbo.com/webapp/wcs/stores/servlet/en/lcbo/wine-14/sorella-2014-191981
670.00,95,Château Canon 2005,https://www.lcbo.com/webapp/wcs/stores/servlet/en/lcbo/wine-14/ch%C3%A2teau-canon-2005-12395
80.00,97,Hewitson Old Garden Mourvèdre 2014,https://www.lcbo.com/webapp/wcs/stores/servlet/en/lcbo/wine-14/hewitson-old-garden-mourv%C3%A8dre-2014-736504
36.00,93,Origen de Resalte Crianza 2015,https://www.lcbo.com/webapp/wcs/stores/servlet/en/lcbo/wine-14/origen-de-resalte-crianza-2015-218719
18.95,91,Terra Noble Gran Reserva Cabernet Sauvignon 2016,https://www.lcbo.com/webapp/wcs/stores/servlet/en/lcbo/wine-14/terra-noble-gran-reserva-cabernet-sauvignon-2016-46268
19.95,92,Linajes 12 Tempranillo Crianza 2014,https://www.lcbo.com/webapp/wcs/stores/servlet/en/lcbo/wine-14/linajes-12-tempranillo-crianza-2014-10688
49.95,89,Turley Juvenile Zinfandel 2018,https://www.lcbo.com/webapp/wcs/stores/servlet/en/lcbo/wine-14/turley-juvenile-zinfandel-2018-12217
20.75,89,Jackson-Triggs Okanagan Grand Reserve Red Meritage 2016,https://www.lcbo.com/webapp/wcs/stores/servlet/en/lcbo/wine-14/jackson-triggs-okanagan-grand-reserve-red-meritage-2016-11819
15.75,92,Château Lanbersac Cuvée Vieilles Vignes 2015,https://www.lcbo.com/webapp/wcs/stores/servlet/en/lcbo/wine-14/ch%C3%A2teau-lanbersac-cuv%C3%A9e-vieilles-vignes-2015-12019
252.95,93,Castiglioni Giramonte 2011,https://www.lcbo.com/webapp/wcs/stores/servlet/en/lcbo/wine-14/castiglioni-giramonte-2011-636415
42.00,95,Boeckel Zotzenberg Riesling 2016,https://www.lcbo.com/webapp/wcs/stores/servlet/en/lcbo/wine-14/boeckel-zotzenberg-riesling-2016-12474
119.00,92,Domaine Billaud-Simon Les Preuses Chablis Grand Cru 2015,https://www.lcbo.com/webapp/wcs/stores/servlet/en/lcbo/wine-14/domaine-billaud-simon-les-preuses-chablis-grand-cru-2015-360834
519.00,98,Romano Dal Forno Amarone della Valpolicella 2010,https://www.lcbo.com/webapp/wcs/stores/servlet/en/lcbo/wine-14/romano-dal-forno-amarone-della-valpolicella-2010-13328
37.00,94,Altenberg de Wolxheim Riesling 2013,https://www.lcbo.com/webapp/wcs/stores/servlet/en/lcbo/wine-14/altenberg-de-wolxheim-riesling-2013-13294
31.00,94,Domaine Anita Reine de Nuit Moulin-à-Vent 2017,https://www.lcbo.com/webapp/wcs/stores/servlet/en/lcbo/wine-14/domaine-anita-reine-de-nuit-moulin-%C3%A0-vent-2017-13483
52.00,93,Rupert & Rothschild Baron Edmond 2016,https://www.lcbo.com/webapp/wcs/stores/servlet/en/lcbo/wine-14/rupert-rothschild-baron-edmond-2016-433870
56.95,95,Calem 20-Year-Old Tawny Port,https://www.lcbo.com/webapp/wcs/stores/servlet/en/lcbo/wine-14/calem-20-year-old-tawny-port-10902
72.00,95,Youngberg Hill J Block Pinot Noir 2016,https://www.lcbo.com/webapp/wcs/stores/servlet/en/lcbo/wine-14/youngberg-hill-j-block-pinot-noir-2016-11166
15.25,91,Tenuta Santa Maria alla Pieve Verona Pràgal 2017,https://www.lcbo.com/webapp/wcs/stores/servlet/en/lcbo/wine-14/tenuta-santa-maria-alla-pieve-verona-pr%C3%A0gal-2017-10951
18.95,90,Marques de La Concordia Viña Alarde Reserva 2013,https://www.lcbo.com/webapp/wcs/stores/servlet/en/lcbo/wine-14/marques-de-la-concordia-vi%C3%B1a-alarde-reserva-2013-10548
20.95,98,Luciano Arduini Classico Superiore Valpolicella Ripasso 2017,https://www.lcbo.com/webapp/wcs/stores/servlet/en/lcbo/wine-14/luciano-arduini-classico-superiore-valpolicella-ripasso-2017-12407
94.00,95,Château de Beaucastel Châteauneuf-du-Pape Blanc 2019,https://www.lcbo.com/webapp/wcs/stores/servlet/en/lcbo/wine-14/ch%C3%A2teau-de-beaucastel-ch%C3%A2teauneuf-du-pape-blanc-2019-932590
60.00,97,Bleasdale The Powder Monkey Single Vineyard Shiraz 2015,https://www.lcbo.com/webapp/wcs/stores/servlet/en/lcbo/wine-14/bleasdale-the-powder-monkey-single-vineyard-shiraz-2015-13567
44.00,93,Domaine des Souchons Côte du Py Morgon 2016,https://www.lcbo.com/webapp/wcs/stores/servlet/en/lcbo/wine-14/domaine-des-souchons-c%C3%B4te-du-py-morgon-2016-13396
43.00,96,Andes Plateau 700 High Altitude Red Blend 2015,https://www.lcbo.com/webapp/wcs/stores/servlet/en/lcbo/wine-14/andes-plateau-700-high-altitude-red-blend-2015-13766
35.00,94,Monte da Ravasqueira Vinha das Romãs 2017,https://www.lcbo.com/webapp/wcs/stores/servlet/en/lcbo/wine-14/monte-da-ravasqueira-vinha-das-rom%C3%A3s-2017-460790
115.95,96,Lail Vineyards Blueprint Cabernet Sauvignon 2016,https://www.lcbo.com/webapp/wcs/stores/servlet/en/lcbo/wine-14/lail-vineyards-blueprint-cabernet-sauvignon-2016-60251
21.95,91,Toscolo Chianti Classico 2016,https://www.lcbo.com/webapp/wcs/stores/servlet/en/lcbo/wine-14/toscolo-chianti-classico-2016-19521
15.95,92,Montes Limited Selection Cabernet Sauvignon/Carmenère 2017,https://www.lcbo.com/webapp/wcs/stores/servlet/en/lcbo/wine-14/montes-limited-selection-cabernet-sauvignon-carmen%C3%A8re-2017-292169
24.95,92,St. Huberts The Stag Cabernet Sauvignon 2016,https://www.lcbo.com/webapp/wcs/stores/servlet/en/lcbo/wine-14/st-huberts-the-stag-cabernet-sauvignon-2016-13691
16.95,91,Laura Hartwig Single Vineyard Cabernet Sauvignon 2017,https://www.lcbo.com/webapp/wcs/stores/servlet/en/lcbo/wine-14/laura-hartwig-single-vineyard-cabernet-sauvignon-2017-13428
299.95,97,Castelgiocondo Ripe al Convento Riserva Brunello di Montalcino 2013,https://www.lcbo.com/webapp/wcs/stores/servlet/en/lcbo/wine-14/castelgiocondo-ripe-al-convento-riserva-brunello-di-montalcino-2013-494468
719.95,97,Castelgiocondo Ripe al Convento Riserva Brunello di Montalcino 2013,https://www.lcbo.com/webapp/wcs/stores/servlet/en/lcbo/wine-14/castelgiocondo-ripe-al-convento-riserva-brunello-di-montalcino-2013-556647
15.95,96,Riolite Castel del Lago Soave 2018,https://www.lcbo.com/webapp/wcs/stores/servlet/en/lcbo/wine-14/riolite-castel-del-lago-soave-2018-12728
16.95,97,Masso Antico Fiano del Salento 2018,https://www.lcbo.com/webapp/wcs/stores/servlet/en/lcbo/wine-14/masso-antico-fiano-del-salento-2018-12735
17.95,90,Goru Gold Monastrell/Cabernet Sauvignon/Syrah 2017,https://www.lcbo.com/webapp/wcs/stores/servlet/en/lcbo/wine-14/goru-gold-monastrell-cabernet-sauvignon-syrah-2017-13621
75.00,95,Gérard Bertrand L'Hospitalitas La Clape 2018,https://www.lcbo.com/webapp/wcs/stores/servlet/en/lcbo/wine-14/g%C3%A9rard-bertrand-lhospitalitas-la-clape-2018-683532
29.95,94,Marchesi Mazzei Belguardo Tirrenico 2016,https://www.lcbo.com/webapp/wcs/stores/servlet/en/lcbo/wine-14/marchesi-mazzei-belguardo-tirrenico-2016-12093
62.00,94,Burn Cottage Moonlight Race Pinot Noir 2018,https://www.lcbo.com/webapp/wcs/stores/servlet/en/lcbo/wine-14/burn-cottage-moonlight-race-pinot-noir-2018-13550
50.00,93,Peter Zemmer Crivelli Riserva Chardonnay 2016,https://www.lcbo.com/webapp/wcs/stores/servlet/en/lcbo/wine-14/peter-zemmer-crivelli-riserva-chardonnay-2016-15468
35.00,92,Ramírez de la Piscina Selección Reserva 2015,https://www.lcbo.com/webapp/wcs/stores/servlet/en/lcbo/wine-14/ram%C3%ADrez-de-la-piscina-selecci%C3%B3n-reserva-2015-13043
62.00,97,Tyrrell's Vat 9 Hunter Shiraz 2017,https://www.lcbo.com/webapp/wcs/stores/servlet/en/lcbo/wine-14/tyrrells-vat-9-hunter-shiraz-2017-237917
67.00,95,Ca' Romé di Romano Marengo Rio Sordo Riserva Barbaresco 2013,https://www.lcbo.com/webapp/wcs/stores/servlet/en/lcbo/wine-14/ca-rom%C3%A9-di-romano-marengo-rio-sordo-riserva-barbaresco-2013-15465
78.00,94,Château de Ferrand 2015,https://www.lcbo.com/webapp/wcs/stores/servlet/en/lcbo/wine-14/ch%C3%A2teau-de-ferrand-2015-14271
45.00,92,Château Coufran 2009,https://www.lcbo.com/webapp/wcs/stores/servlet/en/lcbo/wine-14/ch%C3%A2teau-coufran-2009-13399
46.00,95,Dom Brial Crest Petit Côtes du Roussillon-Village 2014,https://www.lcbo.com/webapp/wcs/stores/servlet/en/lcbo/wine-14/dom-brial-crest-petit-c%C3%B4tes-du-roussillon-village-2014-15409
54.00,92,Osoyoos Larose Le Grand Vin 2015,https://www.lcbo.com/webapp/wcs/stores/servlet/en/lcbo/wine-14/osoyoos-larose-le-grand-vin-2015-13252
37.95,95,Schiopetto Friulano 2017,https://www.lcbo.com/webapp/wcs/stores/servlet/en/lcbo/wine-14/schiopetto-friulano-2017-13376
24.95,95,Casablanca Nimbus Pinot Noir 2016,https://www.lcbo.com/webapp/wcs/stores/servlet/en/lcbo/wine-14/casablanca-nimbus-pinot-noir-2016-13296
15.95,92,Tenuta della Luia Cilestro 2015,https://www.lcbo.com/webapp/wcs/stores/servlet/en/lcbo/wine-14/tenuta-della-luia-cilestro-2015-13521
17.95,93,Brilla Prosecco,https://www.lcbo.com/webapp/wcs/stores/servlet/en/lcbo/wine-14/brilla-prosecco-13836
109.00,94,Château Rouget 2015,https://www.lcbo.com/webapp/wcs/stores/servlet/en/lcbo/wine-14/ch%C3%A2teau-rouget-2015-473306
162.00,93,Calera Selleck Vineyard Mount Harlan Pinot Noir 2005,https://www.lcbo.com/webapp/wcs/stores/servlet/en/lcbo/wine-14/calera-selleck-vineyard-mount-harlan-pinot-noir-2005-968735
765.00,96,Opus One 2014,https://www.lcbo.com/webapp/wcs/stores/servlet/en/lcbo/wine-14/opus-one-2014-16309
795.00,98,Opus One 2015,https://www.lcbo.com/webapp/wcs/stores/servlet/en/lcbo/wine-14/opus-one-2015-16308
159.00,94,Château Croix de Labrie 2006,https://www.lcbo.com/webapp/wcs/stores/servlet/en/lcbo/wine-14/ch%C3%A2teau-croix-de-labrie-2006-563866
50.95,93,Mauro Veglio Barolo 2015,https://www.lcbo.com/webapp/wcs/stores/servlet/en/lcbo/wine-14/mauro-veglio-barolo-2015-13927
18.95,92,Quarisa Mrs Q McLaren Vale Shiraz 2016,https://www.lcbo.com/webapp/wcs/stores/servlet/en/lcbo/wine-14/quarisa-mrs-q-mclaren-vale-shiraz-2016-12909
122.00,95,Château Monbousquet 2015,https://www.lcbo.com/webapp/wcs/stores/servlet/en/lcbo/wine-14/ch%C3%A2teau-monbousquet-2015-471953
60.00,95,Mocali Brunello di Montalcino 2013,https://www.lcbo.com/webapp/wcs/stores/servlet/en/lcbo/wine-14/mocali-brunello-di-montalcino-2013-402297
17.95,92,Caliterra Tributo Single Vineyard Carmenère 2017,https://www.lcbo.com/webapp/wcs/stores/servlet/en/lcbo/wine-14/caliterra-tributo-single-vineyard-carmen%C3%A8re-2017-56630
18.95,90,Monte del Frá Lena di Mezzo Valpolicella Classico 2018,https://www.lcbo.com/webapp/wcs/stores/servlet/en/lcbo/wine-14/monte-del-fr%C3%A1-lena-di-mezzo-valpolicella-classico-2018-160226
125.00,98,Catena Zapata Fortuna Terrae Adrianna Vineyard Malbec 2014,https://www.lcbo.com/webapp/wcs/stores/servlet/en/lcbo/wine-14/catena-zapata-fortuna-terrae-adrianna-vineyard-malbec-2014-14275
24.95,94,Villa Maria Clifford Bay Reserve Sauvignon Blanc 2018,https://www.lcbo.com/webapp/wcs/stores/servlet/en/lcbo/wine-14/villa-maria-clifford-bay-reserve-sauvignon-blanc-2018-12631
13.95,90,Cuatro Rayas Vendemio Nocturna Verdejo 2018,https://www.lcbo.com/webapp/wcs/stores/servlet/en/lcbo/wine-14/cuatro-rayas-vendemio-nocturna-verdejo-2018-14028
829.00,96,Château Pichon-Longueville Baron 2009,https://www.lcbo.com/webapp/wcs/stores/servlet/en/lcbo/wine-14/ch%C3%A2teau-pichon-longueville-baron-2009-16514
735.00,93,Château Léoville Poyferré 1996,https://www.lcbo.com/webapp/wcs/stores/servlet/en/lcbo/wine-14/ch%C3%A2teau-l%C3%A9oville-poyferr%C3%A9-1996-16523
16.95,93,Carmen Gran Reserva Syrah 2018,https://www.lcbo.com/webapp/wcs/stores/servlet/en/lcbo/wine-14/carmen-gran-reserva-syrah-2018-14124
15.95,91,Casas del Bosque Pinot Noir Rosé 2019,https://www.lcbo.com/webapp/wcs/stores/servlet/en/lcbo/wine-14/casas-del-bosque-pinot-noir-ros%C3%A9-2019-15277
84.00,94,Col d'Orcia Brunello di Montalcino 2013,https://www.lcbo.com/webapp/wcs/stores/servlet/en/lcbo/wine-14/col-dorcia-brunello-di-montalcino-2013-450965
54.00,93,Col d'Orcia Brunello di Montalcino 2015,https://www.lcbo.com/webapp/wcs/stores/servlet/en/lcbo/wine-14/col-dorcia-brunello-di-montalcino-2015-14823
65.00,94,Tenuta Buon Tempo Brunello di Montalcino 2015,https://www.lcbo.com/webapp/wcs/stores/servlet/en/lcbo/wine-14/tenuta-buon-tempo-brunello-di-montalcino-2015-14856
455.00,95,Domaine Dujac Echezeaux Grand Cru 2018,https://www.lcbo.com/webapp/wcs/stores/servlet/en/lcbo/wine-14/domaine-dujac-echezeaux-grand-cru-2018-13800
21.95,92,Underwood Pinot Gris 2015,https://www.lcbo.com/webapp/wcs/stores/servlet/en/lcbo/wine-14/underwood-pinot-gris-2015-487017
41.95,94,Rocca delle Macìe Roccato 2015,https://www.lcbo.com/webapp/wcs/stores/servlet/en/lcbo/wine-14/rocca-delle-mac%C3%ACe-roccato-2015-964130
17.00,95,Domaine la Décelle Réserve Valréas 2017,https://www.lcbo.com/webapp/wcs/stores/servlet/en/lcbo/wine-14/domaine-la-d%C3%A9celle-r%C3%A9serve-valr%C3%A9as-2017-14391
23.95,93,Château du Chatelard Cuvée Les Vieux Granits Fleurie 2018,https://www.lcbo.com/webapp/wcs/stores/servlet/en/lcbo/wine-14/ch%C3%A2teau-du-chatelard-cuv%C3%A9e-les-vieux-granits-fleurie-2018-207886
24.95,91,Canoe Ridge The Expedition Merlot 2017,https://www.lcbo.com/webapp/wcs/stores/servlet/en/lcbo/wine-14/canoe-ridge-the-expedition-merlot-2017-486928
39.95,94,Domaine Hamelin Beauroy Chablis 1er Cru 2018,https://www.lcbo.com/webapp/wcs/stores/servlet/en/lcbo/wine-14/domaine-hamelin-beauroy-chablis-1er-cru-2018-391805
230.00,94,Louis M. Martini Lot 1 Cabernet Sauvignon 2015,https://www.lcbo.com/webapp/wcs/stores/servlet/en/lcbo/wine-14/louis-m-martini-lot-1-cabernet-sauvignon-2015-439976
122.00,96,Château Malescot-Saint-Exupéry 2014,https://www.lcbo.com/webapp/wcs/stores/servlet/en/lcbo/wine-14/ch%C3%A2teau-malescot-saint-exup%C3%A9ry-2014-14790
29.95,97,Villa Maria Taylors Pass Single Vineyard Sauvignon Blanc 2018,https://www.lcbo.com/webapp/wcs/stores/servlet/en/lcbo/wine-14/villa-maria-taylors-pass-single-vineyard-sauvignon-blanc-2018-13901
16.95,97,Cellier des Dauphins Réserve 2018,https://www.lcbo.com/webapp/wcs/stores/servlet/en/lcbo/wine-14/cellier-des-dauphins-r%C3%A9serve-2018-14081
12.95,90,Poesia Garnacha Blanca 2018,https://www.lcbo.com/webapp/wcs/stores/servlet/en/lcbo/wine-14/poesia-garnacha-blanca-2018-15477
28.95,92,San Sisto Riserva Verdicchio Castelli di Jesi Classico 2016,https://www.lcbo.com/webapp/wcs/stores/servlet/en/lcbo/wine-14/san-sisto-riserva-verdicchio-castelli-di-jesi-classico-2016-16181
18.95,89,Giusti Brut Prosecco Asolo Superiore,https://www.lcbo.com/webapp/wcs/stores/servlet/en/lcbo/wine-14/giusti-brut-prosecco-asolo-superiore-16555
172.00,91,Calera Selleck Vineyard Mount Harlan Pinot Noir 2001,https://www.lcbo.com/webapp/wcs/stores/servlet/en/lcbo/wine-14/calera-selleck-vineyard-mount-harlan-pinot-noir-2001-15194
172.00,93,Calera Selleck Vineyard Mount Harlan Pinot Noir 2002,https://www.lcbo.com/webapp/wcs/stores/servlet/en/lcbo/wine-14/calera-selleck-vineyard-mount-harlan-pinot-noir-2002-15195
22.95,90,Shannon Ridge High Elevation Cabernet Sauvignon 2017,https://www.lcbo.com/webapp/wcs/stores/servlet/en/lcbo/wine-14/shannon-ridge-high-elevation-cabernet-sauvignon-2017-16182
15.95,91,ME by Matahiwi Estate Pinot Gris 2019,https://www.lcbo.com/webapp/wcs/stores/servlet/en/lcbo/wine-14/me-by-matahiwi-estate-pinot-gris-2019-12679
15.95,92,Emiliana Novas Gran Reserva Pinot Noir 2018,https://www.lcbo.com/webapp/wcs/stores/servlet/en/lcbo/wine-14/emiliana-novas-gran-reserva-pinot-noir-2018-14148
58.00,94,Selbach-Oster Graacher Domprobst Riesling Auslese 2018,https://www.lcbo.com/webapp/wcs/stores/servlet/en/lcbo/wine-14/selbach-oster-graacher-domprobst-riesling-auslese-2018-455360
129.00,96,Chamisal Morrito Pinot Noir 2016,https://www.lcbo.com/webapp/wcs/stores/servlet/en/lcbo/wine-14/chamisal-morrito-pinot-noir-2016-16026
19.95,90,Gabriel Meffre La Châsse Grande Réserve 2015,https://www.lcbo.com/webapp/wcs/stores/servlet/en/lcbo/wine-14/gabriel-meffre-la-ch%C3%A2sse-grande-r%C3%A9serve-2015-15455
29.95,94,Estampa Gold Cabernet Sauvignon 2016,https://www.lcbo.com/webapp/wcs/stores/servlet/en/lcbo/wine-14/estampa-gold-cabernet-sauvignon-2016-14063
62.95,93,Negretti Mirau Barolo 2012,https://www.lcbo.com/webapp/wcs/stores/servlet/en/lcbo/wine-14/negretti-mirau-barolo-2012-14366
19.95,92,Vale de Lobos Syrah 2015,https://www.lcbo.com/webapp/wcs/stores/servlet/en/lcbo/wine-14/vale-de-lobos-syrah-2015-14546
20.95,90,Cave du Roi Dagobert Racines et Terroirs Riesling 2018,https://www.lcbo.com/webapp/wcs/stores/servlet/en/lcbo/wine-14/cave-du-roi-dagobert-racines-et-terroirs-riesling-2018-15383
17.00,94,Invivo Sauvignon Blanc 2019,https://www.lcbo.com/webapp/wcs/stores/servlet/en/lcbo/wine-14/invivo-sauvignon-blanc-2019-14199
49.95,93,Château d'Arsac 2015,https://www.lcbo.com/webapp/wcs/stores/servlet/en/lcbo/wine-14/ch%C3%A2teau-darsac-2015-14443
61.00,94,Louis Michel & Fils Butteaux Vieilles Vignes Chablis 1er Cru 2017,https://www.lcbo.com/webapp/wcs/stores/servlet/en/lcbo/wine-14/louis-michel-fils-butteaux-vieilles-vignes-chablis-1er-cru-2017-16239
220.00,95,Roberto Voerzio Comune di La Morra Barolo 2016,https://www.lcbo.com/webapp/wcs/stores/servlet/en/lcbo/wine-14/roberto-voerzio-comune-di-la-morra-barolo-2016-16744
54.00,96,Schild Estate Pramie Shiraz 2016,https://www.lcbo.com/webapp/wcs/stores/servlet/en/lcbo/wine-14/schild-estate-pramie-shiraz-2016-14980
23.95,93,Balduzzi Viejo Encachao Grand Reserve Carignan 2016,https://www.lcbo.com/webapp/wcs/stores/servlet/en/lcbo/wine-14/balduzzi-viejo-encachao-grand-reserve-carignan-2016-16804
19.95,93,Zuccardi Q Cabernet Franc 2017,https://www.lcbo.com/webapp/wcs/stores/servlet/en/lcbo/wine-14/zuccardi-q-cabernet-franc-2017-15121
25.95,88,Mouton Cadet Heritage 2017,https://www.lcbo.com/webapp/wcs/stores/servlet/en/lcbo/wine-14/mouton-cadet-heritage-2017-14447
35.00,95,Esporão Private Selection White 2018,https://www.lcbo.com/webapp/wcs/stores/servlet/en/lcbo/wine-14/espor%C3%A3o-private-selection-white-2018-271130
91.00,97,Domaine Naturaliste Morus Cabernet Sauvignon 2016,https://www.lcbo.com/webapp/wcs/stores/servlet/en/lcbo/wine-14/domaine-naturaliste-morus-cabernet-sauvignon-2016-449124
90.00,93,Jean Milan Grand Réserve Grand Cru 1864 Blanc de Blancs Brut Champagne,https://www.lcbo.com/webapp/wcs/stores/servlet/en/lcbo/wine-14/jean-milan-grand-r%C3%A9serve-grand-cru-1864-blanc-de-blancs-brut-champagne-293548
229.00,96,Henri Giraud Fût de Chêne MV14 Brut Champagne,https://www.lcbo.com/webapp/wcs/stores/servlet/en/lcbo/wine-14/henri-giraud-f%C3%BBt-de-ch%C3%AAne-mv14-brut-champagne-435644
330.00,96,Domaine Louis Jadot Domaine des Héritiers Corton-Charlemagne Grand Cru 2018,https://www.lcbo.com/webapp/wcs/stores/servlet/en/lcbo/wine-14/domaine-louis-jadot-domaine-des-h%C3%A9ritiers-corton-charlemagne-grand-cru-2018-18302
51.00,89,Maison Louis Jadot Saint-Romain 2018,https://www.lcbo.com/webapp/wcs/stores/servlet/en/lcbo/wine-14/maison-louis-jadot-saint-romain-2018-18304
49.00,96,Richard Hamilton Centurion 126-Year-Old Shiraz 2018,https://www.lcbo.com/webapp/wcs/stores/servlet/en/lcbo/wine-14/richard-hamilton-centurion-126-year-old-shiraz-2018-729020
15.95,92,Secreto de Viu Manent Carmenère 2018,https://www.lcbo.com/webapp/wcs/stores/servlet/en/lcbo/wine-14/secreto-de-viu-manent-carmen%C3%A8re-2018-16800
155.00,96,Aubert Pinot Noir 2018,https://www.lcbo.com/webapp/wcs/stores/servlet/en/lcbo/wine-14/aubert-pinot-noir-2018-444166
73.00,95,Betz Family Winery Clos de Betz Red 2016,https://www.lcbo.com/webapp/wcs/stores/servlet/en/lcbo/wine-14/betz-family-winery-clos-de-betz-red-2016-462929
142.00,97,Paul Hobbs Katherine Lindsay Estate Pinot Noir 2017,https://www.lcbo.com/webapp/wcs/stores/servlet/en/lcbo/wine-14/paul-hobbs-katherine-lindsay-estate-pinot-noir-2017-118802
16.95,95,Falernia Gran Reserva Syrah 2016,https://www.lcbo.com/webapp/wcs/stores/servlet/en/lcbo/wine-14/falernia-gran-reserva-syrah-2016-16793
78.00,94,Chanson Père & Fils La Dominode Savigny-lès-Beaune 1er Cru 2017,https://www.lcbo.com/webapp/wcs/stores/servlet/en/lcbo/wine-14/chanson-p%C3%A8re-fils-la-dominode-savigny-l%C3%A8s-beaune-1er-cru-2017-18396
119.00,94,Valquejigoso V2 2008,https://www.lcbo.com/webapp/wcs/stores/servlet/en/lcbo/wine-14/valquejigoso-v2-2008-18664
35.00,93,Muratie Martin Melck Cabernet Sauvignon 2015,https://www.lcbo.com/webapp/wcs/stores/servlet/en/lcbo/wine-14/muratie-martin-melck-cabernet-sauvignon-2015-17176
153.00,98,Mazzei Siepi 2016,https://www.lcbo.com/webapp/wcs/stores/servlet/en/lcbo/wine-14/mazzei-siepi-2016-16731
38.00,94,Mulderbosch Single Vineyard Series Block A Chenin Blanc 2018,https://www.lcbo.com/webapp/wcs/stores/servlet/en/lcbo/wine-14/mulderbosch-single-vineyard-series-block-a-chenin-blanc-2018-17175
51.00,94,Marchand & Burch Mount Barrow Pinot Noir 2018,https://www.lcbo.com/webapp/wcs/stores/servlet/en/lcbo/wine-14/marchand-burch-mount-barrow-pinot-noir-2018-16908
85.95,96,Château Maucoil Privilège Châteauneuf-du-Pape 2016,https://www.lcbo.com/webapp/wcs/stores/servlet/en/lcbo/wine-14/ch%C3%A2teau-maucoil-privil%C3%A8ge-ch%C3%A2teauneuf-du-pape-2016-16210
96.00,99,Torre Muga 2016,https://www.lcbo.com/webapp/wcs/stores/servlet/en/lcbo/wine-14/torre-muga-2016-719609
592.00,97,Pol Roger Cuvée Sir Winston Churchill Champagne 2009,https://www.lcbo.com/webapp/wcs/stores/servlet/en/lcbo/wine-14/pol-roger-cuv%C3%A9e-sir-winston-churchill-champagne-2009-972265
24.85,92,Château Puygueraud Blanc 2017,https://www.lcbo.com/webapp/wcs/stores/servlet/en/lcbo/wine-14/ch%C3%A2teau-puygueraud-blanc-2017-623140
59.85,91,La Parde de Haut-Bailly 2017,https://www.lcbo.com/webapp/wcs/stores/servlet/en/lcbo/wine-14/la-parde-de-haut-bailly-2017-628669
632.00,92,Antinori Pian delle Vigne Brunello di Montalcino 2004,https://www.lcbo.com/webapp/wcs/stores/servlet/en/lcbo/wine-14/antinori-pian-delle-vigne-brunello-di-montalcino-2004-17331
99.95,90,Rombauer Vineyards Cabernet Sauvignon 2015,https://www.lcbo.com/webapp/wcs/stores/servlet/en/lcbo/wine-14/rombauer-vineyards-cabernet-sauvignon-2015-16480
15.95,88,Alamos Chardonnay 2014,https://www.lcbo.com/webapp/wcs/stores/servlet/en/lcbo/wine-14/alamos-chardonnay-2014-448761
53.00,93,Albert Bichot Domaine Long-Depaquit Les Vaucopins Chablis 1er Cru 2017,https://www.lcbo.com/webapp/wcs/stores/servlet/en/lcbo/wine-14/albert-bichot-domaine-long-depaquit-les-vaucopins-chablis-1er-cru-2017-76695
32.00,96,Royal Tokaji 5 Puttonyos Tokaji Aszú 2013,https://www.lcbo.com/webapp/wcs/stores/servlet/en/lcbo/wine-14/royal-tokaji-5-puttonyos-tokaji-asz%C3%BA-2013-972836
87.00,93,Château Pipeau 2016,https://www.lcbo.com/webapp/wcs/stores/servlet/en/lcbo/wine-14/ch%C3%A2teau-pipeau-2016-258558
154.00,94,Château Prieuré-Lichine 2010,https://www.lcbo.com/webapp/wcs/stores/servlet/en/lcbo/wine-14/ch%C3%A2teau-prieur%C3%A9-lichine-2010-300103
59.00,93,Domaine de Suremain en Sazenay Mercurey 1er Cru 2017,https://www.lcbo.com/webapp/wcs/stores/servlet/en/lcbo/wine-14/domaine-de-suremain-en-sazenay-mercurey-1er-cru-2017-227116
580.00,98,Tua Rita Per Sempre Syrah 2015,https://www.lcbo.com/webapp/wcs/stores/servlet/en/lcbo/wine-14/tua-rita-per-sempre-syrah-2015-16726
26.95,91,André Dezat et Fils Les Celliers Saint-Romble Sancerre 2015,https://www.lcbo.com/webapp/wcs/stores/servlet/en/lcbo/wine-14/andr%C3%A9-dezat-et-fils-les-celliers-saint-romble-sancerre-2015-493320
19.95,93,Domaine du Haut Bourg Muscadet Côtes de Grandlieu 2013,https://www.lcbo.com/webapp/wcs/stores/servlet/en/lcbo/wine-14/domaine-du-haut-bourg-muscadet-c%C3%B4tes-de-grandlieu-2013-426619
38.00,95,Domäne Wachau Grüner Veltliner 2018,https://www.lcbo.com/webapp/wcs/stores/servlet/en/lcbo/wine-14/dom%C3%A4ne-wachau-gr%C3%BCner-veltliner-2018-61127
51.00,95,Luna Blue Rock Vineyard Pinor Noir 2016,https://www.lcbo.com/webapp/wcs/stores/servlet/en/lcbo/wine-14/luna-blue-rock-vineyard-pinor-noir-2016-17242
107.00,97,By Farr GC Côte Vineyard Chardonnay 2018,https://www.lcbo.com/webapp/wcs/stores/servlet/en/lcbo/wine-14/by-farr-gc-c%C3%B4te-vineyard-chardonnay-2018-17217
280.00,99,To Kalon Vineyard Co. Highest Beauty 2016,https://www.lcbo.com/webapp/wcs/stores/servlet/en/lcbo/wine-14/to-kalon-vineyard-co-highest-beauty-2016-17826
38.00,95,Bindi Sergardi I Colli Chianti Classico Riserva 2015,https://www.lcbo.com/webapp/wcs/stores/servlet/en/lcbo/wine-14/bindi-sergardi-i-colli-chianti-classico-riserva-2015-16973
55.00,93,Two Sisters Cabernet Franc 2016,https://www.lcbo.com/webapp/wcs/stores/servlet/en/lcbo/wine-14/two-sisters-cabernet-franc-2016-19344
51.00,95,Marietta Gibson Block Syrah 2016,https://www.lcbo.com/webapp/wcs/stores/servlet/en/lcbo/wine-14/marietta-gibson-block-syrah-2016-17716
105.00,94,Philippe & Vincent Jaboulet Hermitage 2014,https://www.lcbo.com/webapp/wcs/stores/servlet/en/lcbo/wine-14/philippe-vincent-jaboulet-hermitage-2014-18774
39.00,95,Spioenkop Elgin Riesling 2017,https://www.lcbo.com/webapp/wcs/stores/servlet/en/lcbo/wine-14/spioenkop-elgin-riesling-2017-17171
109.00,93,Ravera Barolo Riserva 2013,https://www.lcbo.com/webapp/wcs/stores/servlet/en/lcbo/wine-14/ravera-barolo-riserva-2013-16739
61.00,95,Jean-Claude Boisset Savigny-Lès-Beaune 1er Cru Aux Guettes 2017,https://www.lcbo.com/webapp/wcs/stores/servlet/en/lcbo/wine-14/jean-claude-boisset-savigny-l%C3%A8s-beaune-1er-cru-aux-guettes-2017-18402
960.00,98,Colgin IX Estate Red 2017,https://www.lcbo.com/webapp/wcs/stores/servlet/en/lcbo/wine-14/colgin-ix-estate-red-2017-19598
56.00,92,Domaine du Roc des Boutires En Bertilionne Pouilly-Fuissé 2018,https://www.lcbo.com/webapp/wcs/stores/servlet/en/lcbo/wine-14/domaine-du-roc-des-boutires-en-bertilionne-pouilly-fuiss%C3%A9-2018-18855
49.00,95,Lamont Pinot Noir 2018,https://www.lcbo.com/webapp/wcs/stores/servlet/en/lcbo/wine-14/lamont-pinot-noir-2018-16541
69.00,96,Burn Cottage Riesling/Grüner Veltliner 2017,https://www.lcbo.com/webapp/wcs/stores/servlet/en/lcbo/wine-14/burn-cottage-riesling-gr%C3%BCner-veltliner-2017-17218
149.00,98,Tignanello 2015,https://www.lcbo.com/webapp/wcs/stores/servlet/en/lcbo/wine-14/tignanello-2015-551341
60.00,97,Wirra Wirra Vintage Bell Cabernet Sauvignon 2017,https://www.lcbo.com/webapp/wcs/stores/servlet/en/lcbo/wine-14/wirra-wirra-vintage-bell-cabernet-sauvignon-2017-16489
160.00,97,Bien Nacido Estate LXXIII Pinot Noir 2016,https://www.lcbo.com/webapp/wcs/stores/servlet/en/lcbo/wine-14/bien-nacido-estate-lxxiii-pinot-noir-2016-17717
36.00,92,Schloss Johannisberg Gelblack Riesling Trocken 2019,https://www.lcbo.com/webapp/wcs/stores/servlet/en/lcbo/wine-14/schloss-johannisberg-gelblack-riesling-trocken-2019-18235
16.95,89,Falernia Gran Reserva Carmenère 2015,https://www.lcbo.com/webapp/wcs/stores/servlet/en/lcbo/wine-14/falernia-gran-reserva-carmen%C3%A8re-2015-269175
18.95,88,Schloss Schönborn Hattenheimer Pfaffenberg Riesling Kabinett 2010,https://www.lcbo.com/webapp/wcs/stores/servlet/en/lcbo/wine-14/schloss-sch%C3%B6nborn-hattenheimer-pfaffenberg-riesling-kabinett-2010-70946
21.95,91,Leone de Castris Riserva Salice Salentino 2011,https://www.lcbo.com/webapp/wcs/stores/servlet/en/lcbo/wine-14/leone-de-castris-riserva-salice-salentino-2011-597534
13.25,90,Zonte's Footstep Lake Doctor Shiraz 2014,https://www.lcbo.com/webapp/wcs/stores/servlet/en/lcbo/wine-14/zontes-footstep-lake-doctor-shiraz-2014-72975
39.95,90,Saintsbury Chardonnay 2012,https://www.lcbo.com/webapp/wcs/stores/servlet/en/lcbo/wine-14/saintsbury-chardonnay-2012-359281
28.95,90,Meyer Pinot Noir 2015,https://www.lcbo.com/webapp/wcs/stores/servlet/en/lcbo/wine-14/meyer-pinot-noir-2015-392449
88.00,93,Paolo Scavino Bricco Ambrogio Barolo 2004,https://www.lcbo.com/webapp/wcs/stores/servlet/en/lcbo/wine-14/paolo-scavino-bricco-ambrogio-barolo-2004-332007
40.00,94,Kopke Colheita White Port 1975,https://www.lcbo.com/webapp/wcs/stores/servlet/en/lcbo/wine-14/kopke-colheita-white-port-1975-342964
465.00,90,Robert Mondavi Napa Valley Cabernet Sauvignon 2014,https://www.lcbo.com/webapp/wcs/stores/servlet/en/lcbo/wine-14/robert-mondavi-napa-valley-cabernet-sauvignon-2014-17873
23.95,92,Ambra Santa Cristina In Pilli Carmignano 2011,https://www.lcbo.com/webapp/wcs/stores/servlet/en/lcbo/wine-14/ambra-santa-cristina-in-pilli-carmignano-2011-705376
81.00,93,Domaine Jessiaume Les Brouillards Volnay 1er Cru 2017,https://www.lcbo.com/webapp/wcs/stores/servlet/en/lcbo/wine-14/domaine-jessiaume-les-brouillards-volnay-1er-cru-2017-18495
45.00,96,Planeta Eruzione 1614 Nerello Mascalese 2017,https://www.lcbo.com/webapp/wcs/stores/servlet/en/lcbo/wine-14/planeta-eruzione-1614-nerello-mascalese-2017-17628
35.00,95,Encierra Carmenère 2018,https://www.lcbo.com/webapp/wcs/stores/servlet/en/lcbo/wine-14/encierra-carmen%C3%A8re-2018-19560
435.00,93,Les Forts de Latour 2014,https://www.lcbo.com/webapp/wcs/stores/servlet/en/lcbo/wine-14/les-forts-de-latour-2014-20389
29.00,91,Di Meo F Fiano di Avellino 2019,https://www.lcbo.com/webapp/wcs/stores/servlet/en/lcbo/wine-14/di-meo-f-fiano-di-avellino-2019-19011
97.00,100,Mullineux Olerasay 2°,https://www.lcbo.com/webapp/wcs/stores/servlet/en/lcbo/wine-14/mullineux-olerasay-2%C2%B0-18805
187.00,95,Château Mont-Redon Le Plateau Châteauneuf-du-Pape 2016,https://www.lcbo.com/webapp/wcs/stores/servlet/en/lcbo/wine-14/ch%C3%A2teau-mont-redon-le-plateau-ch%C3%A2teauneuf-du-pape-2016-18992
65.00,92,Thibert Père & Fils Les Cras Pouilly-Fuissé 2015,https://www.lcbo.com/webapp/wcs/stores/servlet/en/lcbo/wine-14/thibert-p%C3%A8re-fils-les-cras-pouilly-fuiss%C3%A9-2015-19715
69.00,95,Brittan Vineyards Chardonnay 2017,https://www.lcbo.com/webapp/wcs/stores/servlet/en/lcbo/wine-14/brittan-vineyards-chardonnay-2017-17708
51.00,92,Pascal Bouchard Les Vieilles Vignes Montmains Chablis 1er Cru 2015,https://www.lcbo.com/webapp/wcs/stores/servlet/en/lcbo/wine-14/pascal-bouchard-les-vieilles-vignes-montmains-chablis-1er-cru-2015-18850
69.00,94,Le Margaux du Château de Malleret 2015,https://www.lcbo.com/webapp/wcs/stores/servlet/en/lcbo/wine-14/le-margaux-du-ch%C3%A2teau-de-malleret-2015-20165
65.00,97,Te Whare Ra Single Vineyard 5182 Pinot Noir 2015,https://www.lcbo.com/webapp/wcs/stores/servlet/en/lcbo/wine-14/te-whare-ra-single-vineyard-5182-pinot-noir-2015-17214
50.00,93,Leitz Rüdesheimer Drachenstein Erste Lage Riesling Trocken 2018,https://www.lcbo.com/webapp/wcs/stores/servlet/en/lcbo/wine-14/leitz-r%C3%BCdesheimer-drachenstein-erste-lage-riesling-trocken-2018-18232
49.00,95,Pepper Tree The Gravels Shiraz 2016,https://www.lcbo.com/webapp/wcs/stores/servlet/en/lcbo/wine-14/pepper-tree-the-gravels-shiraz-2016-16910
45.00,95,Dr. H. Thanisch Graacher Himmelreich GG Riesling 2018,https://www.lcbo.com/webapp/wcs/stores/servlet/en/lcbo/wine-14/dr-h-thanisch-graacher-himmelreich-gg-riesling-2018-18227
217.00,95,Massolino Rionda Riserva Barolo 2001,https://www.lcbo.com/webapp/wcs/stores/servlet/en/lcbo/wine-14/massolino-rionda-riserva-barolo-2001-103077
53.00,94,Maria Mora Enamorada 2012,https://www.lcbo.com/webapp/wcs/stores/servlet/en/lcbo/wine-14/maria-mora-enamorada-2012-18484
113.00,94,Château Phélan Ségur 2015,https://www.lcbo.com/webapp/wcs/stores/servlet/en/lcbo/wine-14/ch%C3%A2teau-ph%C3%A9lan-s%C3%A9gur-2015-18848
51.00,94,Château Haut-Segottes 2015,https://www.lcbo.com/webapp/wcs/stores/servlet/en/lcbo/wine-14/ch%C3%A2teau-haut-segottes-2015-19001
89.00,95,Vallado Vintage Port 2017,https://www.lcbo.com/webapp/wcs/stores/servlet/en/lcbo/wine-14/vallado-vintage-port-2017-18272
136.00,94,Paolo Scavino Bric dël Fiasc Barolo 2012,https://www.lcbo.com/webapp/wcs/stores/servlet/en/lcbo/wine-14/paolo-scavino-bric-d%C3%ABl-fiasc-barolo-2012-335950
49.95,91,iCellars Icel Vineyard Cabernet Sauvignon 2017,https://www.lcbo.com/webapp/wcs/stores/servlet/en/lcbo/wine-14/icellars-icel-vineyard-cabernet-sauvignon-2017-19343
31.00,93,Fattoria La Rivolta Greco Taburno Sannio 2019,https://www.lcbo.com/webapp/wcs/stores/servlet/en/lcbo/wine-14/fattoria-la-rivolta-greco-taburno-sannio-2019-19023
54.00,91,Confidences de Prieuré-Lichine 2015,https://www.lcbo.com/webapp/wcs/stores/servlet/en/lcbo/wine-14/confidences-de-prieur%C3%A9-lichine-2015-20168
39.95,92,The Pundit Syrah 2014,https://www.lcbo.com/webapp/wcs/stores/servlet/en/lcbo/wine-14/the-pundit-syrah-2014-462945
120.00,96,Double Diamond Oakville Cabernet Sauvignon 2017,https://www.lcbo.com/webapp/wcs/stores/servlet/en/lcbo/wine-14/double-diamond-oakville-cabernet-sauvignon-2017-17733
66.00,95,Black Hills Estate Nota Bene 2017,https://www.lcbo.com/webapp/wcs/stores/servlet/en/lcbo/wine-14/black-hills-estate-nota-bene-2017-17727
57.00,93,Black Hills Estate Per Se 2018,https://www.lcbo.com/webapp/wcs/stores/servlet/en/lcbo/wine-14/black-hills-estate-per-se-2018-19038
100.00,90,Domaine de Montille Aux Saints-Juliens Nuits-Saint-Georges 2017,https://www.lcbo.com/webapp/wcs/stores/servlet/en/lcbo/wine-14/domaine-de-montille-aux-saints-juliens-nuits-saint-georges-2017-18912
67.00,91,Maison de Montille Saint-Romain 2017,https://www.lcbo.com/webapp/wcs/stores/servlet/en/lcbo/wine-14/maison-de-montille-saint-romain-2017-18916
28.00,90,Domaine de la Terre Rouge Tête-à-Tête Red Blend 2014,https://www.lcbo.com/webapp/wcs/stores/servlet/en/lcbo/wine-14/domaine-de-la-terre-rouge-t%C3%AAte-%C3%A0-t%C3%AAte-red-blend-2014-17867
25.00,90,Tinto Rey Super Tinto Red Blend 2016,https://www.lcbo.com/webapp/wcs/stores/servlet/en/lcbo/wine-14/tinto-rey-super-tinto-red-blend-2016-17868
45.00,92,Sol Rouge Gypsy Rouge 2014,https://www.lcbo.com/webapp/wcs/stores/servlet/en/lcbo/wine-14/sol-rouge-gypsy-rouge-2014-18187
39.95,90,Matanzas Creek Alexander Valley Merlot 2006,https://www.lcbo.com/webapp/wcs/stores/servlet/en/lcbo/wine-14/matanzas-creek-alexander-valley-merlot-2006-932806
65.00,93,François Lumpp Pied du Clou Givry 1er Cru 2017,https://www.lcbo.com/webapp/wcs/stores/servlet/en/lcbo/wine-14/fran%C3%A7ois-lumpp-pied-du-clou-givry-1er-cru-2017-485037
324.00,90,Domaine Comte Georges de Vogüé Chambolle-Musigny 2017,https://www.lcbo.com/webapp/wcs/stores/servlet/en/lcbo/wine-14/domaine-comte-georges-de-vog%C3%BC%C3%A9-chambolle-musigny-2017-629949
929.00,94,Domaine Comte Georges de Vogüé Bonnes-Mares Grand Cru 2017,https://www.lcbo.com/webapp/wcs/stores/servlet/en/lcbo/wine-14/domaine-comte-georges-de-vog%C3%BC%C3%A9-bonnes-mares-grand-cru-2017-708040
630.00,95,Domaine Ponsot Chapelle-Chambertin Grand Cru 2017,https://www.lcbo.com/webapp/wcs/stores/servlet/en/lcbo/wine-14/domaine-ponsot-chapelle-chambertin-grand-cru-2017-647552
230.00,93,Domaine Ponsot Clos des Monts Luisants Morey-Saint-Denis 1er Cru 2017,https://www.lcbo.com/webapp/wcs/stores/servlet/en/lcbo/wine-14/domaine-ponsot-clos-des-monts-luisants-morey-saint-denis-1er-cru-2017-13962
230.00,93,Domaine Ponsot Clos des Monts Luisants Morey-Saint-Denis 1er Cru 2017,https://www.lcbo.com/webapp/wcs/stores/servlet/en/lcbo/wine-14/domaine-ponsot-clos-des-monts-luisants-morey-saint-denis-1er-cru-2017-13962
